Person,Day,Calculator-Bin1,Calendar-Bin1,Camera-Bin1,Clock-Bin1,Contacts-Bin1,Facebook-Bin1,Gallery-Bin1,Gmail-Bin1,Google Play Store-Bin1,Google Search-Bin1,Instagram-Bin1,Internet-Bin1,Maps-Bin1,Messaging-Bin1,Messenger-Bin1,Phone-Bin1,Photos-Bin1,Settings-Bin1,Twitter-Bin1,WhatsApp-Bin1,YouTube-Bin1
1,Day1,-0.295180238,-0.314448672,-0.087446174,-0.376271456,-0.144432069,-0.822606048,-0.345443683,-0.411280235,-0.40649623,0,-0.649000892,0,-0.281236645,1.172849038,-0.725166862,-0.374897925,-0.280893508,-0.111833995,-0.388479746,-0.428391599,-0.410998068
1,Day2,-0.295180238,-0.314448672,-0.154917494,-0.376271456,-0.144432069,-0.803023862,-0.345443683,-0.411280235,-0.40649623,0,-0.684536535,0,-0.2625687,-0.068091605,-0.592658487,-0.374897925,-0.280893508,-0.370778481,-0.388479746,-0.428391599,-0.410998068
1,Day3,3.589376342,-0.244458483,-0.154917494,0.185027087,-0.144432069,-0.505885476,-0.345443683,-0.411280235,-0.395030419,0,-0.584307797,0,-0.281236645,4.543960518,-0.35117941,-0.374897925,-0.280893508,-0.370778481,-0.388479746,-0.223364049,0.935206723
1,Day4,-0.295180238,-0.314448672,-0.154917494,1.280895672,-0.144432069,-0.542495649,-0.345443683,-0.411280235,2.299435137,0,-0.694559409,0,-0.281236645,-0.09463579,-0.754806893,0.441542134,-0.280893508,-0.331936808,-0.388479746,-0.428391599,-0.295271692
1,Day5,-0.012667032,-0.314448672,-0.154917494,-0.178480541,-0.144432069,-0.462464107,-0.345443683,-0.318134711,-0.40649623,0,-0.701848772,0,-0.163006329,1.9426304,-0.611837331,1.508459119,-0.280893508,-0.228359014,0.113100581,-0.428391599,-0.335421659
1,Day6,-0.295180238,-0.314448672,-0.154917494,-0.269357448,-0.144432069,-0.161920123,-0.345443683,-0.411280235,-0.40649623,0,-0.699115261,0,-0.281236645,0.097809551,-0.713833909,-0.374897925,-0.280893508,-0.370778481,0.245095404,-0.428391599,-0.410998068
2,Day1,-0.295180238,-0.314448672,-0.148388012,-0.103640735,-0.088749361,0.33529712,-0.345443683,-0.074182149,-0.349167175,0,1.860362259,0,-0.281236645,-0.293717176,1.109028007,1.866010152,-0.280893508,5.584944697,-0.388479746,-0.428391599,-0.080351278
2,Day2,-0.295180238,-0.314448672,-0.154917494,-0.30143165,-0.144432069,0.652017692,1.272988601,-0.331441214,-0.40649623,0,3.097731598,0,-0.281236645,-0.293717176,2.009561894,2.523751089,-0.280893508,-0.370778481,-0.388479746,-0.428391599,0.458917893
2,Day3,-0.295180238,-0.314448672,-0.154917494,-0.376271456,-0.144432069,0.883598326,9.18956539,-0.349183219,-0.40649623,0,3.345569933,0,-0.281236645,-0.293717176,2.034843097,-0.374897925,-0.280893508,-0.370778481,-0.388479746,-0.333152995,0.389639518
2,Day4,-0.295180238,-0.314448672,-0.154917494,-0.333505853,-0.144432069,-0.304103821,3.150980781,-0.411280235,-0.40649623,0,0.196565195,0,-0.281236645,-0.293717176,2.897891063,-0.374897925,-0.280893508,-0.370778481,-0.388479746,-0.428391599,0.961186113
2,Day5,-0.295180238,-0.314448672,-0.117917093,0.08880448,-0.144432069,-0.186610705,3.448711248,-0.295957205,-0.40649623,0,0.87994296,0,-0.281236645,-0.293717176,2.272835112,-0.168397863,-0.280893508,-0.370778481,-0.388479746,-0.37812678,-0.14726789
2,Day6,-0.295180238,-0.314448672,-0.141858529,-0.376271456,-0.144432069,-0.338159796,2.860884428,-0.344747718,-0.40649623,0,-0.032138563,0,-0.271902673,-0.293717176,2.173453831,-0.374897925,-0.280893508,-0.370778481,-0.388479746,-0.428391599,0.051120184
3,Day1,-0.295180238,-0.314448672,-0.154917494,-0.344197254,-0.144432069,-0.647217774,-0.345443683,-0.2737797,-0.200111634,0,-0.4120966,0,-0.281236645,-0.293717176,-0.590914956,0.219745771,-0.280893508,-0.370778481,-0.388479746,-0.16516268,-0.410998068
3,Day2,-0.295180238,-0.314448672,-0.154917494,0.270558294,-0.144432069,0.191410623,-0.345443683,-0.180634176,-0.177180012,0,-0.346492335,0,-0.281236645,-0.293717176,-0.508968988,0.158560568,-0.249745815,-0.370778481,-0.388479746,1.131140541,0.898993026
3,Day3,-0.295180238,-0.314448672,-0.154917494,-0.028800929,-0.144432069,0.039010133,-0.345443683,0.280657941,-0.395030419,0,-0.446721073,0,-0.281236645,-0.293717176,-0.609222034,-0.212374728,-0.280893508,-0.370778481,-0.388479746,4.004171762,0.466790436
3,Day4,-0.295180238,-0.314448672,-0.154917494,-0.221246144,-0.144432069,2.19986178,-0.345443683,-0.198376181,-0.177180012,0,-0.144212516,0,-0.094557198,-0.293717176,0.543252118,-0.374897925,0.170748042,0.406054977,-0.388479746,0.006795911,1.574457185
3,Day5,-0.295180238,-0.314448672,0.036613995,-0.103640735,-0.144432069,0.041564331,-0.345443683,6.068986908,1.622952295,0,0.099981138,0,-0.281236645,-0.293717176,1.594601458,1.06869047,-0.280893508,0.483738322,-0.388479746,0.468438589,-0.026030733
3,Day6,-0.295180238,-0.314448672,-0.150564506,0.265212593,-0.144432069,0.285915955,-0.345443683,0.254044934,-0.40649623,0,-0.266309344,0,-0.281236645,-0.293717176,-0.095752083,-0.374897925,-0.280893508,-0.267200687,-0.388479746,-0.194263364,1.365047551
4,Day1,1.399898997,-0.314448672,-0.019974854,-0.370925756,-0.122158986,-0.121052952,0.333992512,-0.411280235,-0.395030419,0,-0.51597002,0,-0.281236645,-0.293717176,-0.525532534,-0.103388584,-0.280893508,-0.370778481,-0.388479746,-0.294793002,-0.410998068
4,Day2,-0.295180238,-0.314448672,-0.128799564,-0.237283246,-0.08318109,0.690330665,3.212053697,-0.411280235,-0.395030419,0,0.217522114,0,-0.281236645,-0.293717176,-0.56214669,1.179588651,-0.280893508,-0.370778481,-0.388479746,-0.204845431,-0.410998068
4,Day3,-0.295180238,-0.314448672,-0.050445773,-0.087603634,-0.144432069,-0.534833055,-0.047713216,-0.411280235,-0.337701365,0,-0.280888069,0,-0.256346052,-0.293717176,-0.679835049,-0.374897925,-0.280893508,-0.370778481,-0.388479746,0.169495193,-0.410998068
4,Day4,-0.295180238,-0.314448672,-0.109211116,-0.125023537,-0.144432069,0.729495037,0.0133597,-0.411280235,-0.40649623,0,-0.25810881,0,-0.281236645,-0.293717176,-0.44881716,-0.292680308,-0.280893508,-0.370778481,-0.388479746,0.223728287,-0.406274543
4,Day5,-0.295180238,-0.314448672,-0.144035023,-0.344197254,-0.144432069,-0.175542513,0.486674803,-0.411280235,-0.40649623,0,0.219344454,0,-0.281236645,-0.293717176,-0.44881716,-0.078532095,-0.280893508,-0.370778481,-0.388479746,-0.182358539,-0.410998068
4,Day6,-0.295180238,-0.314448672,-0.154917494,-0.242628946,-0.133295528,-0.542495649,0.669893552,-0.411280235,-0.395030419,0,-0.684536535,0,-0.281236645,-0.293717176,-0.447945394,-0.313712721,-0.280893508,-0.370778481,-0.388479746,-0.290824727,-0.410998068
5,Day1,-0.295180238,-0.160470258,-0.115740599,0.179681387,-0.144432069,0.783133198,-0.116420247,-0.411280235,-0.40649623,0,-0.221661996,0,-0.281236645,-0.293717176,-0.192518067,-0.300328458,-0.280893508,-0.370778481,-0.388479746,-0.428391599,-0.262207012
5,Day2,-0.295180238,-0.314448672,-0.128799564,-0.103640735,-0.144432069,1.140720941,2.746372709,-0.411280235,-0.40649623,0,0.785181243,0,-0.281236645,-0.293717176,0.399410791,-0.25061548,-0.280893508,-0.344884033,-0.388479746,-0.428391599,-0.400763763
5,Day3,-0.295180238,-0.314448672,-0.137505541,-0.210554743,-0.144432069,1.176479716,-0.15459082,-0.411280235,-0.039590282,0,-0.302756158,0,-0.281236645,-0.293717176,0.145726995,-0.327096984,-0.280893508,-0.254253463,-0.388479746,-0.428391599,-0.375571626
5,Day4,-0.295180238,-0.314448672,-0.148388012,3.932363077,-0.144432069,0.287618754,-0.215663736,-0.411280235,-0.40649623,0,-0.214372633,0,-0.281236645,-0.293717176,-0.179441582,-0.374897925,-0.280893508,-0.370778481,-0.388479746,-0.428391599,-0.410998068
5,Day5,0.09327542,-0.188466333,-0.109211116,0.22779269,-0.144432069,0.522604985,2.906689115,-0.411280235,-0.40649623,0,0.108181671,0,-0.281236645,-0.293717176,-0.691168003,-0.374897925,-0.280893508,-0.344884033,-0.388479746,-0.428391599,-0.011072902
5,Day6,-0.295180238,-0.314448672,-0.05915175,-0.210554743,-0.144432069,1.00279424,0.295821939,-0.411280235,-0.40649623,0,-0.062207185,0,-0.147449708,-0.293717176,-0.67373269,-0.254439555,-0.280893508,-0.331936808,-0.388479746,-0.428391599,-0.209460977
6,Day1,-0.295180238,-0.314448672,-0.154917494,-0.376271456,0.323302684,-0.730654914,-0.345443683,-0.411280235,-0.40649623,0,-0.701848772,0,-0.281236645,0.024813042,-0.704244487,-0.374897925,-0.280893508,-0.370778481,-0.388479746,-0.428391599,-0.410998068
6,Day2,-0.295180238,-0.230460446,-0.154917494,-0.376271456,0.211937266,-0.571443229,-0.345443683,-0.411280235,-0.40649623,0,-0.701848772,0,-0.281236645,2.951309425,-0.735628049,-0.374897925,-0.280893508,-0.370778481,-0.388479746,-0.428391599,-0.410998068
6,Day3,-0.295180238,-0.314448672,-0.154917494,-0.082257934,0.217505537,-0.843891033,-0.345443683,-0.411280235,-0.40649623,0,-0.701848772,0,-0.281236645,0.442883954,-0.726910393,-0.374897925,-0.280893508,-0.370778481,-0.388479746,-0.428391599,-0.410998068
6,Day4,-0.295180238,1.491298184,-0.154917494,-0.376271456,0.891266312,-0.787698673,-0.345443683,-0.411280235,-0.40649623,0,-0.701848772,0,-0.281236645,0.31016303,-0.758293955,-0.374897925,-0.280893508,-0.370778481,-0.388479746,-0.428391599,-0.410998068
6,Day5,-0.295180238,-0.314448672,-0.154917494,-0.376271456,-0.116590715,-0.794509868,-0.345443683,-0.411280235,-0.40649623,0,-0.701848772,0,-0.281236645,0.55569674,-0.758293955,-0.374897925,-0.280893508,-0.370778481,-0.388479746,0.217114495,-0.410998068
6,Day6,-0.295180238,-0.314448672,-0.154917494,-0.376271456,-0.144432069,-0.619972994,-0.345443683,-0.411280235,-0.40649623,0,-0.701848772,0,-0.281236645,0.741506034,-0.745217471,-0.374897925,-0.280893508,-0.370778481,-0.388479746,-0.386063331,-0.410998068
7,Day1,-0.295180238,-0.314448672,-0.109211116,-0.376271456,-0.144432069,-0.877095609,0.86838053,0.005656871,-0.40649623,0,-0.439431711,0,-0.281236645,-0.293717176,-0.714705674,-0.374897925,-0.280893508,-0.370778481,-0.252423544,-0.428391599,-0.410998068
7,Day2,-0.295180238,-0.314448672,0.130203245,-0.376271456,-0.144432069,-0.337308397,-0.345443683,-0.406844734,-0.40649623,0,-0.389317341,0,0.365918771,-0.293717176,-0.677219753,-0.374897925,-0.280893508,0.613210565,-0.244300786,-0.318602653,-0.410998068
7,Day3,2.282752765,-0.314448672,-0.12662307,-0.376271456,-0.072044548,-0.094659571,2.158545889,-0.411280235,-0.40649623,0,-0.432142348,0,-0.203453542,-0.293717176,-0.731269221,-0.06705987,-0.280893508,-0.370778481,0.161837131,0.662884072,-0.40942356
7,Day4,-0.295180238,-0.314448672,-0.154917494,-0.376271456,-0.144432069,0.103716486,-0.345443683,-0.411280235,-0.360632986,0,-0.356515208,0,-0.281236645,-0.293717176,0.087318698,-0.374897925,-0.280893508,-0.370778481,-0.165103892,-0.240559908,-0.410998068
7,Day5,-0.295180238,-0.314448672,-0.111387611,-0.376271456,-0.144432069,-0.272602043,-0.345443683,-0.411280235,-0.337701365,0,-0.479523206,0,-0.2625687,-0.293717176,-0.720808034,-0.374897925,-0.280893508,-0.370778481,-0.303190784,1.034579179,-0.410998068
7,Day6,-0.295180238,-0.314448672,-0.154917494,-0.376271456,-0.033066652,0.199924617,-0.299638996,-0.411280235,-0.383564608,0,-0.396606704,0,-0.107002495,-0.293717176,-0.758293955,-0.208550653,-0.280893508,-0.370778481,-0.106213894,0.498862032,-0.410998068
8,Day1,-0.295180238,-0.314448672,-0.154917494,-0.376271456,-0.144432069,-0.090402574,-0.345443683,-0.397973731,-0.131316769,0,-0.701848772,0,-0.281236645,-0.293717176,-0.752191596,-0.374897925,-0.280893508,-0.280147911,0.74870642,-0.428391599,-0.410998068
8,Day2,0.234532023,-0.258456521,-0.154917494,-0.376271456,0.111708391,0.155651849,-0.345443683,-0.411280235,-0.40649623,0,-0.701848772,0,-0.107002495,-0.293717176,0.481356759,-0.340481248,-0.280893508,1.195835659,0.423796087,-0.428391599,0.160548527
8,Day3,0.870186736,0.287466947,-0.154917494,-0.376271456,-0.144432069,1.258214057,-0.345443683,-0.411280235,0.269986612,0,-0.701848772,0,-0.2625687,-0.293717176,-0.182056879,-0.374897925,-0.280893508,-0.267200687,1.234041231,-0.428391599,-0.410998068
8,Day4,-0.295180238,-0.132474182,-0.152741,-0.376271456,-0.144432069,0.94830468,-0.345443683,-0.322570212,-0.40649623,0,-0.701848772,0,0.757945609,-0.293717176,-0.522917237,-0.374897925,-0.280893508,-0.370778481,2.45245498,-0.428391599,-0.391316712
8,Day5,-0.295180238,-0.244458483,-0.065681232,-0.376271456,-0.144432069,2.3113951,-0.345443683,-0.366925223,-0.372098797,0,-0.701848772,0,-0.281236645,-0.293717176,-0.216055739,-0.374897925,-0.280893508,-0.189517341,1.538644668,-0.428391599,-0.410998068
8,Day6,-0.295180238,-0.314448672,-0.096152151,-0.215900444,-0.138863799,0.748225823,-0.345443683,-0.411280235,-0.360632986,0,-0.701848772,0,0.972626973,-0.293717176,1.02272321,-0.321360872,-0.280893508,-0.267200687,1.603626735,-0.428391599,-0.080351278
9,Day1,-0.295180238,-0.216462408,-0.144035023,-0.344197254,-0.060908006,-0.461612707,-0.345443683,1.008080125,-0.40649623,0,-0.395695534,0,-0.281236645,-0.293717176,-0.610965565,3.437705066,-0.280893508,-0.357831257,-0.388479746,0.340131025,-0.410998068
9,Day2,-0.295180238,0.077496382,-0.111387611,0.062075978,0.195232454,-0.459058509,3.83805109,0.945983109,-0.291838121,0,0.206588069,0,2.074035709,-0.293717176,-0.527276066,3.657589391,-0.280893508,0.276582734,-0.388479746,0.949922642,-0.410998068
9,Day3,-0.295180238,0.413449286,0.334793699,-0.194517642,-0.060908006,4.062723642,0.173676106,-0.074182149,-0.303303932,0,2.269477747,0,0.185461972,-0.293717176,-0.716449206,-0.193254352,-0.280893508,-0.370778481,-0.388479746,-0.116220619,-0.410998068
9,Day4,-0.295180238,1.365315845,-0.130976058,-0.264011748,0.117276661,-0.130418345,-0.261468423,-0.35361872,-0.40649623,0,0.808871672,0,0.303692288,-0.293717176,-0.533378425,1.214005328,-0.280893508,-0.344884033,-0.388479746,-0.253787492,-0.410998068
9,Day5,-0.295180238,1.883243238,-0.048269279,7.840070079,0.04488914,-0.225775077,-0.230931965,6.698828068,-0.395030419,0,0.122760397,0,-0.281236645,-0.293717176,-0.610965565,3.611700488,-0.280893508,1.286466229,-0.388479746,1.189341911,0.749414716
9,Day6,-0.295180238,3.912958695,0.22596899,-0.151752039,0.36228058,-0.469275302,0.410333657,5.68309831,-0.062521904,0,1.57881062,0,-0.281236645,-0.293717176,-0.726038627,3.185316102,-0.280893508,0.315424406,0.626865045,0.15494485,-0.410998068
10,Day1,-0.295180238,-0.314448672,-0.154917494,-0.376271456,0.256483433,-0.965641145,-0.345443683,-0.176198675,0.224123368,0,-0.701848772,0,0.975738297,0.038085135,-0.758293955,-0.374897925,-0.280893508,-0.318989584,-0.388479746,-0.383417814,5.330447277
10,Day2,-0.295180238,-0.314448672,-0.150564506,-0.354888655,-0.144432069,-0.965641145,-0.345443683,-0.264908698,1.565623241,0,-0.701848772,0,-0.281236645,-0.28708113,-0.758293955,-0.374897925,-0.280893508,-0.370778481,-0.388479746,-0.18103578,8.148030287
10,Day3,-0.295180238,-0.314448672,-0.154917494,-0.376271456,-0.144432069,-0.965641145,-0.345443683,-0.411280235,0.017738773,0,-0.701848772,0,-0.281236645,-0.293717176,-0.758293955,-0.374897925,-0.280893508,-0.370778481,-0.388479746,-0.129448203,4.059031641
10,Day4,-0.295180238,-0.314448672,-0.056975256,-0.338851553,0.184095912,-0.965641145,-0.345443683,-0.411280235,0.086533638,0,-0.701848772,0,0.160571379,-0.200812529,-0.758293955,-0.374897925,-0.280893508,-0.370778481,-0.388479746,2.853371964,2.439649621
10,Day5,-0.295180238,-0.314448672,-0.130976058,-0.360234355,-0.077612819,-0.965641145,-0.345443683,-0.411280235,0.052136205,0,-0.701848772,0,-0.281236645,-0.293717176,-0.758293955,-0.374897925,-0.280893508,-0.370778481,-0.388479746,0.842779213,3.87796316
10,Day6,-0.295180238,-0.314448672,-0.154917494,-0.376271456,-0.144432069,-0.965641145,-0.345443683,0.094366893,-0.337701365,0,-0.701848772,0,-0.281236645,-0.293717176,-0.758293955,-0.374897925,-0.280893508,-0.370778481,-0.388479746,-0.388708847,3.170221577
11,Day1,-0.295180238,-0.314448672,-0.096152151,-0.247974646,-0.144432069,-0.518656467,-0.345443683,-0.411280235,-0.40649623,0,-0.701848772,0,-0.060332633,1.995718769,0.804781805,1.217829403,-0.280893508,-0.370778481,0.320230918,-0.428391599,0.768308819
11,Day2,-0.295180238,-0.314448672,-0.107034622,0.174335686,0.083867036,0.273996364,-0.345443683,-0.012085133,-0.383564608,0,-0.701848772,0,0.322360233,3.044214072,0.577250977,-0.082356171,-0.280893508,-0.370778481,2.580388424,-0.428391599,0.214081817
11,Day3,-0.295180238,-0.314448672,-0.154917494,-0.360234355,-0.144432069,-0.673611155,-0.345443683,-0.375796226,-0.40649623,0,-0.701848772,0,-0.228344135,7.390824346,0.075985745,0.265634674,-0.280893508,-0.111833995,2.131606026,-0.428391599,-0.355103016
11,Day4,1.470527298,-0.314448672,-0.154917494,-0.306777351,-0.144432069,1.069203393,-0.345443683,-0.411280235,-0.40649623,0,-0.701848772,0,-0.281236645,3.342836152,0.081216339,-0.374897925,-0.280893508,-0.370778481,7.145378607,-0.428391599,2.688421968
11,Day5,-0.295180238,-0.314448672,-0.146211518,-0.360234355,-0.144432069,0.526861982,-0.345443683,-0.260473196,-0.40649623,0,-0.701848772,0,-0.281236645,4.212158207,4.428711495,-0.374897925,-0.280893508,-0.370778481,1.995549824,-0.428391599,2.812020887
11,Day6,-0.295180238,-0.314448672,0.31955824,-0.264011748,0.078298765,-0.595282411,-0.345443683,-0.411280235,-0.40649623,0,-0.701848772,0,1.100191262,4.74967795,0.781244133,-0.374897925,-0.280893508,-0.370778481,-0.388479746,-0.428391599,3.474101723
12,Day1,3.907203699,-0.258456521,-0.072210715,-0.376271456,2.22208305,-0.617418796,0.066798502,-0.362489722,0.201191747,0,0.489962049,0,-0.004328799,-0.293717176,0.116086963,-0.187518239,-0.280893508,5.571997472,-0.388479746,-0.428391599,-0.308655014
12,Day2,-0.295180238,-0.314448672,-0.05915175,-0.157097739,0.111708391,-0.766413689,-0.345443683,-0.371360725,-0.349167175,0,0.590190788,0,-0.281236645,-0.293717176,0.287824791,-0.1550136,-0.280893508,0.354266079,-0.388479746,-0.428391599,-0.410998068
12,Day3,-0.295180238,-0.314448672,-0.154917494,-0.312123051,0.017047786,-0.76385949,-0.345443683,-0.375796226,-0.40649623,0,1.93963408,0,-0.281236645,-0.293717176,-0.506353691,-0.340481248,-0.280893508,0.833313378,-0.388479746,-0.428391599,-0.40942356
12,Day4,-0.295180238,-0.314448672,-0.117917093,-0.189171942,0.089435307,-0.322834607,-0.223297851,-0.411280235,-0.40649623,0,0.912745092,0,-0.281236645,-0.293717176,-0.403485347,-0.359601624,-0.280893508,0.017638248,-0.388479746,-0.428391599,-0.410998068
12,Day5,1.753040504,-0.314448672,-0.028680831,-0.322814452,0.306597871,-0.316874811,-0.162224934,0.342754956,-0.337701365,0,-0.196149226,0,-0.281236645,-0.293717176,0.474382634,-0.369161812,-0.280893508,0.8980495,-0.388479746,-0.428391599,-0.410998068
12,Day6,-0.295180238,-0.314448672,-0.063504738,-0.376271456,0.089435307,-0.823457448,-0.345443683,-0.362489722,-0.349167175,0,0.706820593,0,-0.281236645,-0.293717176,-0.235234582,-0.29076827,-0.280893508,1.325307902,-0.388479746,-0.428391599,-0.410998068
13,Day1,-0.295180238,-0.090480069,-0.12662307,0.452312108,0.156254558,0.775470604,0.066798502,-0.411280235,-0.291838121,0,0.016153466,0,-0.281236645,-0.293717176,1.494348412,0.334468028,-0.280893508,-0.370778481,1.926506378,-0.428391599,-0.328336371
13,Day2,-0.295180238,0.14748657,-0.154917494,-0.194517642,0.117276661,0.910843106,0.555381834,-0.411280235,-0.372098797,0,0.857163701,0,-0.212787514,-0.293717176,-0.133238004,0.23695411,-0.280893508,4.717480668,2.265631539,-0.428391599,-0.410998068
13,Day3,-0.295180238,-0.314448672,0.317381746,-0.280048849,0.050457411,0.426396855,4.372439109,-0.411280235,-0.40649623,0,0.225722647,0,-0.2625687,-0.293717176,0.914624273,-0.011610779,-0.280893508,-0.30604236,1.560982253,-0.155903371,-0.410998068
13,Day4,0.234532023,0.063498345,0.27820485,-0.173134841,-0.144432069,0.874232933,0.173676106,-0.411280235,-0.154248391,0,-0.115055065,0,-0.066555281,-0.293717176,1.651266224,-0.371073849,-0.280893508,-0.12478122,1.311207435,-0.428391599,-0.176396298
13,Day5,-0.295180238,0.539431624,0.221616001,0.126224383,0.133981474,2.318206295,0.318724282,-0.411280235,-0.40649623,0,0.38973331,0,-0.20967619,-0.293717176,1.916282973,2.965431777,-0.280893508,0.030585472,3.333774259,-0.32918472,-0.410998068
13,Day6,-0.259866087,1.183341356,0.147615199,-0.231937545,0.278756517,2.778813364,0.097334961,-0.411280235,-0.28037231,0,-0.176103479,0,-0.281236645,-0.293717176,2.24929744,0.791445016,-0.280893508,-0.357831257,1.471631912,-0.428391599,-0.410998068
14,Day1,-0.295180238,-0.314448672,0.134556233,-0.376271456,-0.144432069,-0.695747539,-0.345443683,2.103648903,-0.40649623,0,0.313195001,0,-0.20967619,-0.293717176,-0.198620426,-0.374897925,-0.280893508,0.05647992,-0.388479746,-0.428391599,-0.410998068
14,Day2,-0.295180238,-0.314448672,-0.130976058,-0.376271456,-0.144432069,0.016022349,-0.345443683,-0.242731192,-0.395030419,0,0.489050879,0,-0.20967619,2.798680362,-0.325898207,-0.374897925,0.279764968,-0.370778481,-0.388479746,-0.428391599,-0.410998068
14,Day3,-0.259866087,-0.314448672,-0.067857727,-0.376271456,-0.144432069,0.092648294,-0.345443683,0.977031617,-0.40649623,0,-0.161524753,0,-0.075889253,1.882905984,2.560517767,-0.374897925,0.264191122,0.030585472,-0.388479746,-0.428391599,-0.364550067
14,Day4,-0.153923635,-0.314448672,0.260792897,0.601991719,-0.144432069,0.336148519,-0.345443683,5.008902139,0.063602016,0,0.894521685,0,-0.281236645,-0.247264853,-0.278822863,-0.374897925,0.824849598,-0.370778481,-0.388479746,-0.428391599,-0.410998068
14,Day5,-0.295180238,-0.314448672,-0.033033819,0.837202538,0.000342973,-0.745128704,-0.345443683,0.914934601,1.16431986,0,-0.379294467,0,0.353473474,-0.293717176,0.794320617,-0.374897925,0.653537286,-0.370778481,-0.388479746,-0.428391599,-0.247249181
14,Day6,-0.295180238,-0.314448672,-0.104858128,1.425229583,-0.066476277,-0.305806619,-0.345443683,-0.397973731,-0.40649623,0,-0.683625365,0,-0.054109985,0.641965341,0.446486134,0.919551536,1.572394233,-0.370778481,-0.388479746,-0.428391599,-0.410998068
15,Day1,-0.295180238,-0.188466333,-0.154917494,-0.328160153,-0.144432069,-0.288778632,-0.253834309,-0.411280235,-0.40649623,0,0.321395534,0,-0.271902673,-0.293717176,-0.408715941,-0.374897925,-0.280893508,-0.370778481,-0.388479746,0.400977911,-0.410998068
15,Day2,-0.295180238,0.119490495,-0.135329047,-0.028800929,-0.144432069,0.550701165,0.0133597,-0.411280235,-0.40649623,0,2.37881819,0,-0.281236645,-0.293717176,-0.358153535,-0.367249774,-0.280893508,0.237741061,-0.388479746,0.231664837,-0.398402
15,Day3,0.375788626,-0.314448672,1.090037185,-0.253320347,-0.072044548,0.452790236,4.288463849,-0.411280235,-0.40649623,0,3.286343861,0,1.576223851,-0.293717176,-0.097495614,-0.357689586,-0.280893508,0.302477182,-0.388479746,0.496216515,-0.410998068
15,Day4,1.223328243,-0.090480069,1.277215686,0.110187281,-0.144432069,-0.086996977,1.234818029,-0.411280235,-0.40649623,0,3.028482651,0,-0.072777929,-0.293717176,-0.395639457,-0.374897925,-0.280893508,-0.370778481,-0.254454234,-0.170453713,-0.410998068
15,Day5,-0.295180238,-0.314448672,-0.154917494,-0.253320347,-0.144432069,-0.169582717,-0.345443683,-0.411280235,-0.40649623,0,-0.252641788,0,-0.281236645,-0.293717176,-0.541224316,-0.374897925,-0.280893508,-0.370778481,-0.388479746,-0.118866136,-0.410998068
15,Day6,-0.295180238,0.5674277,0.219439507,-0.215900444,0.340007496,1.425939736,0.051530273,-0.411280235,-0.40649623,0,3.313678971,0,-0.278125321,-0.293717176,-0.368614722,-0.374897925,-0.280893508,-0.318989584,-0.388479746,-0.038177874,-0.410998068
16,Day1,-0.295180238,-0.314448672,-0.035210314,-0.376271456,-0.144432069,0.448533239,0.433236001,-0.411280235,0.075067827,0,-0.170636457,0,-0.281236645,-0.293717176,0.677504024,-0.374897925,-0.280893508,-0.370778481,-0.388479746,-0.284210935,-0.410998068
16,Day2,-0.295180238,-0.314448672,-0.152741,-0.242628946,-0.099885902,0.976400859,-0.345443683,-0.411280235,-0.245974878,0,-0.301844987,0,-0.281236645,-0.293717176,1.086362101,-0.374897925,-0.280893508,-0.280147911,-0.388479746,0.497539273,-0.410998068
16,Day3,-0.295180238,-0.314448672,-0.150564506,-0.237283246,-0.016361839,0.957670073,-0.345443683,-0.411280235,-0.383564608,0,-0.273598706,0,-0.281236645,-0.293717176,1.063696195,0.410949532,-0.280893508,0.690893911,-0.388479746,-0.046114425,-0.410998068
16,Day4,-0.295180238,-0.14647222,-0.139682035,-0.237283246,-0.088749361,2.135155427,-0.05534733,-0.411280235,-0.40649623,0,-0.559706197,0,1.305538653,-0.293717176,3.803655544,0.131792042,-0.280893508,-0.357831257,-0.388479746,1.223733629,-0.410998068
16,Day5,-0.295180238,-0.314448672,-0.154917494,-0.322814452,-0.077612819,3.012096797,-0.192761392,-0.411280235,-0.119850958,0,-0.084986443,0,-0.281236645,-0.293717176,3.767913154,4.487413713,-0.280893508,-0.098886771,-0.388479746,1.415533595,-0.410998068
16,Day6,-0.295180238,-0.160470258,-0.154917494,-0.338851553,-0.099885902,3.207067257,-0.032444987,-0.411280235,0.384644721,0,-0.336469461,0,-0.281236645,-0.293717176,2.960658188,-0.204726578,-0.280893508,-0.293095136,-0.388479746,0.299125515,-0.197652163
17,Day1,-0.295180238,-0.314448672,-0.154917494,-0.322814452,-0.144432069,-0.201084495,-0.345443683,-0.105230657,-0.268906499,0,-0.025760371,0,-0.060332633,-0.293717176,-0.200363957,-0.359601624,-0.280893508,-0.370778481,-0.388479746,-0.428391599,-0.410998068
17,Day2,-0.295180238,-0.314448672,-0.141858529,0.190372788,-0.133295528,-0.281116037,0.845478186,-0.202811682,-0.268906499,0,1.354662713,0,-0.038553364,-0.293717176,0.274748307,-0.363425699,-0.280893508,-0.370778481,-0.388479746,-0.428391599,1.283173107
17,Day3,-0.295180238,-0.314448672,-0.124446576,-0.344197254,-0.144432069,-0.281967437,-0.345443683,0.329448453,-0.40649623,0,1.022085535,0,0.042341063,-0.293717176,-0.558659628,-0.374897925,-0.280893508,-0.370778481,-0.388479746,-0.428391599,0.303828803
17,Day4,-0.295180238,-0.314448672,-0.148388012,-0.210554743,-0.105454173,-0.229180674,-0.345443683,-0.287086203,-0.40649623,0,1.91503248,0,-0.256346052,-0.293717176,-0.387793566,-0.093828396,-0.280893508,-0.370778481,-0.388479746,-0.428391599,-0.410998068
17,Day5,-0.295180238,1.267329582,-0.013445372,-0.092949334,0.17295937,-0.034210215,1.089769852,0.604449523,-0.40649623,0,1.037575431,0,0.076565628,-0.293717176,0.344489556,-0.369161812,-0.280893508,-0.370778481,-0.388479746,-0.428391599,-0.410998068
17,Day6,0.09327542,-0.314448672,0.45450088,-0.285394549,-0.144432069,0.073066108,-0.345443683,0.147592907,-0.291838121,0,1.792935653,0,0.409477308,-0.293717176,-0.03647202,-0.367249774,-0.280893508,-0.370778481,-0.388479746,-0.428391599,0.858055805
18,Day1,-0.295180238,-0.314448672,-0.154917494,-0.376271456,-0.144432069,-0.963086947,-0.345443683,0.147592907,0.453439586,0,-0.701848772,0,-0.24701208,-0.293717176,-0.680706815,-0.336657172,-0.280893508,-0.370778481,-0.388479746,-0.428391599,-0.410998068
18,Day2,-0.295180238,-0.174468295,-0.150564506,8.326528817,0.651830665,-0.965641145,-0.345443683,3.713735811,-0.40649623,0,-0.701848772,0,-0.250123404,-0.293717176,-0.563890222,-0.33092106,-0.280893508,-0.370778481,-0.388479746,-0.428391599,-0.400763763
18,Day3,-0.295180238,-0.314448672,-0.154917494,2.189664742,-0.144432069,-0.957978551,-0.345443683,-0.149585668,-0.360632986,0,-0.701848772,0,-0.281236645,-0.293717176,-0.640605596,-0.374897925,-0.280893508,-0.344884033,-0.388479746,-0.428391599,-0.410998068
18,Day4,-0.295180238,-0.314448672,-0.154917494,3.921671676,-0.016361839,-0.963086947,-0.345443683,-0.047569142,-0.383564608,0,-0.701848772,0,-0.278125321,-0.293717176,-0.356410004,0.521847714,-0.280893508,-0.344884033,-0.388479746,-0.428391599,-0.410998068
18,Day5,-0.295180238,-0.314448672,0.010496064,2.066713633,-0.144432069,-0.965641145,1.914254223,-0.278215201,-0.349167175,0,-0.701848772,0,2.067813061,-0.293717176,-0.75131983,-0.374897925,-0.280893508,-0.30604236,-0.388479746,-0.428391599,-0.410998068
18,Day6,-0.295180238,-0.314448672,-0.154917494,2.857877294,-0.105454173,-0.961384148,-0.345443683,0.254044934,-0.40649623,0,-0.701848772,0,0.089010925,-0.293717176,-0.753935127,-0.139717299,-0.280893508,-0.370778481,-0.388479746,-0.428391599,-0.410998068
19,Day1,-0.295180238,-0.314448672,0.317381746,0.046038876,-0.144432069,-0.612310399,-0.345443683,-0.295957205,-0.211577445,0,1.212520138,0,-0.281236645,-0.293717176,0.301773041,-0.321360872,1.510098847,-0.370778481,-0.388479746,-0.218073015,-0.410998068
19,Day2,-0.295180238,-0.314448672,-0.046092785,-0.29608595,-0.144432069,1.189250706,-0.345443683,1.118967653,0.166794314,0,2.989302326,0,0.036118415,-0.293717176,1.437683646,-0.359601624,0.248617275,-0.370778481,-0.388479746,-0.162517163,-0.410998068
19,Day3,2.883093328,0.133488533,-0.089622669,-0.333505853,-0.144432069,-0.744277304,-0.345443683,0.236302929,0.361713099,0,3.150579478,0,0.235243158,-0.293717176,0.480484993,-0.06705987,-0.280893508,-0.370778481,-0.388479746,0.176108985,-0.410998068
19,Day4,-0.224551937,-0.314448672,0.02355503,-0.183826241,-0.144432069,0.661383086,-0.345443683,3.74921982,-0.383564608,0,4.064483341,0,0.01745047,-0.293717176,0.647863993,0.296227276,0.435503434,-0.189517341,-0.388479746,0.330871716,-0.410998068
19,Day5,-0.295180238,-0.314448672,0.212910024,-0.210554743,-0.144432069,0.036455935,-0.345443683,6.082293411,-0.268906499,0,3.105932131,0,-0.275013997,-0.293717176,4.292716058,0.173856869,0.731406519,-0.370778481,-0.388479746,-0.407227465,0.428214977
19,Day6,-0.153923635,-0.314448672,1.261980226,-0.103640735,-0.060908006,0.371055894,-0.345443683,0.462513487,-0.40649623,0,2.901829972,0,-0.219010163,-0.293717176,1.07067032,-0.363425699,1.806001932,-0.228359014,-0.388479746,-0.359608163,-0.410998068
20,Day1,0.517045229,-0.314448672,-0.148388012,0.3560895,0.061593953,0.528564781,-0.32254134,-0.411280235,-0.28037231,0,-0.701848772,0,-0.281236645,-0.293717176,-0.42876655,-0.241055292,-0.280893508,-0.370778481,-0.388479746,3.555756668,-0.410998068
20,Day2,1.364584846,0.049500307,0.034437501,2.227084645,0.005911244,2.432293813,-0.05534733,-0.411280235,0.751550669,0,-0.701848772,0,-0.281236645,-0.293717176,0.233775322,-0.258263631,-0.280893508,-0.344884033,-0.388479746,2.066330722,-0.410998068
20,Day3,-0.295180238,0.273468909,-0.141858529,0.671485825,0.000342973,0.573688949,-0.078249674,-0.411280235,0.659824182,0,-0.701848772,0,-0.026108068,-0.293717176,-0.047804974,-0.198990465,-0.280893508,-0.357831257,-0.388479746,4.088828299,-0.410998068
20,Day4,-0.295180238,-0.244458483,-0.048269279,-0.189171942,-0.077612819,1.223306682,0.020993815,-0.411280235,-0.40649623,0,-0.701848772,0,-0.2625687,-0.293717176,-0.18990277,-0.313712721,-0.280893508,-0.370778481,-0.388479746,1.428761179,-0.410998068
20,Day5,-0.295180238,0.791396302,0.069261408,-0.365580055,0.250915162,1.975943741,1.005794592,-0.411280235,1.038195941,0,-0.701848772,0,-0.250123404,-0.293717176,0.754219399,-0.33092106,-0.280893508,-0.370778481,-0.388479746,1.818974904,-0.410998068
20,Day6,-0.295180238,3.143066625,0.019202041,-0.023455229,0.050457411,0.750780021,-0.062981445,-0.411280235,-0.40649623,0,-0.701848772,0,0.499705708,-0.293717176,0.572020384,-0.030731155,-0.280893508,-0.370778481,-0.388479746,3.998880729,-0.410998068
21,Day1,-0.295180238,-0.314448672,-0.154917494,-0.328160153,-0.144432069,-0.84814803,-0.345443683,-0.411280235,-0.40649623,0,0.196565195,0,-0.281236645,-0.293717176,-0.685937409,-0.374897925,-0.280893508,2.982552612,1.205611576,-0.428391599,-0.410210814
21,Day2,-0.295180238,-0.216462408,-0.137505541,-0.376271456,-0.144432069,-0.369661574,0.173676106,-0.39353823,4.466473393,0,1.023907875,0,-0.281236645,-0.293717176,0.357566041,-0.374897925,-0.280893508,-0.370778481,2.612879457,-0.428391599,-0.403125526
21,Day3,-0.295180238,-0.314448672,-0.154917494,-0.306777351,-0.144432069,-0.761305292,-0.345443683,-0.411280235,0.384644721,0,-0.043983778,0,-0.281236645,-0.293717176,0.238134151,-0.374897925,-0.280893508,-0.202464566,0.667478837,-0.428391599,-0.385805932
21,Day4,-0.295180238,-0.314448672,-0.072210715,-0.376271456,-0.144432069,-0.344119592,-0.208029621,-0.406844734,-0.40649623,0,1.012973831,0,-0.243900756,-0.293717176,0.136137573,-0.374897925,-0.280893508,-0.060045098,3.983594926,-0.428391599,-0.231504096
21,Day5,-0.295180238,-0.314448672,-0.154917494,-0.344197254,-0.144432069,0.041564331,-0.345443683,-0.411280235,-0.395030419,0,1.44851326,0,-0.281236645,-0.293717176,-0.520301941,-0.374897925,-0.280893508,-0.370778481,2.093022924,-0.428391599,-0.40942356
21,Day6,-0.295180238,-0.314448672,-0.115740599,-0.338851553,0.635125852,-0.791104271,-0.345443683,-0.411280235,-0.40649623,0,0.910922752,0,-0.281236645,-0.293717176,0.528432103,-0.172221938,-0.280893508,0.341318855,3.62213218,-0.428391599,-0.410998068
22,Day1,-0.295180238,0.707408076,-0.154917494,-0.376271456,-0.144432069,-0.195976098,-0.345443683,-0.003214131,-0.40649623,0,-0.583396626,0,-0.259457376,-0.293717176,-0.311949957,-0.365337737,-0.280893508,-0.370778481,1.441171568,-0.243205425,-0.410998068
22,Day2,-0.295180238,-0.314448672,-0.154917494,-0.269357448,-0.133295528,0.852947948,-0.345443683,-0.043133641,-0.40649623,0,-0.476789695,0,-0.113225143,-0.293717176,-0.538609019,-0.355777549,-0.280893508,-0.370778481,1.311207435,1.116590199,-0.18977962
22,Day3,0.022647118,-0.314448672,0.145438704,-0.376271456,-0.144432069,0.837622759,0.158407877,0.325012952,-0.40649623,0,-0.159702412,0,-0.072777929,-0.293717176,-0.157647442,-0.371073849,-0.280893508,-0.370778481,0.594374012,0.266056555,0.763585293
22,Day4,-0.295180238,-0.314448672,0.236851461,-0.376271456,-0.144432069,1.024930625,-0.284370767,-0.260473196,-0.395030419,0,-0.569729071,0,0.689496479,-0.293717176,-0.647579721,-0.374897925,-0.280893508,-0.370778481,0.620772976,-0.428391599,-0.410998068
22,Day5,0.09327542,0.161484608,-0.04391629,-0.29608595,-0.111022444,1.774162086,-0.345443683,0.249609433,-0.40649623,0,0.123671567,0,0.434367901,-0.293717176,0.170136432,-0.29841642,-0.280893508,-0.370778481,1.977273618,-0.044791666,0.255806293
22,Day6,5.001942372,-0.258456521,-0.154917494,-0.274703148,-0.144432069,2.817977736,-0.345443683,-0.122972662,-0.40649623,0,-0.535104598,0,0.266356399,-0.293717176,-0.285796988,-0.332833097,-0.280893508,-0.370778481,1.609718803,0.767381985,-0.410998068
23,Day1,-0.295180238,0.09149442,-0.128799564,-0.03414663,-0.005225298,0.40511187,-0.345443683,0.050011882,0.682755803,0,-0.538749279,0,-0.281236645,-0.293717176,-0.214312207,-0.336657172,-0.280893508,-0.370778481,-0.388479746,-0.428391599,-0.410998068
23,Day2,-0.295180238,-0.314448672,-0.154917494,-0.376271456,-0.08318109,0.09860809,-0.345443683,0.054447383,-0.326235554,0,-0.462210969,0,-0.281236645,-0.293717176,-0.5821973,-0.336657172,-0.280893508,-0.370778481,-0.388479746,-0.428391599,-0.410998068
23,Day3,-0.295180238,-0.314448672,-0.070034221,-0.376271456,0.033752598,0.820594771,-0.307273111,0.076624889,-0.40649623,0,0.225722647,0,-0.281236645,-0.293717176,-0.626657347,-0.256351593,-0.280893508,-0.370778481,-0.388479746,-0.428391599,-0.410998068
23,Day4,-0.295180238,-0.314448672,0.132379739,-0.312123051,-0.105454173,0.022833544,-0.345443683,0.471384489,-0.40649623,0,0.219344454,0,-0.281236645,-0.293717176,-0.207338082,-0.313712721,-0.280893508,-0.370778481,-0.388479746,-0.428391599,-0.410998068
23,Day5,-0.295180238,-0.314448672,-0.154917494,-0.29074025,-0.077612819,0.617110318,-0.345443683,-0.207247183,-0.40649623,0,-0.641711529,0,-0.281236645,-0.293717176,-0.413946535,-0.244879367,-0.280893508,-0.370778481,-0.388479746,-0.428391599,-0.410998068
23,Day6,-0.047981183,-0.314448672,-0.135329047,-0.370925756,0.083867036,1.171371319,-0.345443683,-0.384667228,-0.360632986,0,-0.503213635,0,-0.281236645,-0.293717176,-0.024267302,-0.267823819,-0.280893508,-0.370778481,-0.388479746,-0.428391599,-0.410998068
24,Day1,-0.295180238,-0.314448672,-0.154917494,-0.376271456,-0.144432069,-0.946910359,-0.345443683,-0.287086203,-0.40649623,0,-0.496835443,0,-0.281236645,-0.293717176,-0.33723116,-0.374897925,-0.280893508,-0.293095136,-0.053415965,-0.428391599,-0.410998068
24,Day2,0.269846174,-0.314448672,-0.154917494,0.195718488,-0.144432069,-0.648069174,-0.246200194,0.325012952,-0.383564608,0,0.116382204,0,-0.275013997,-0.293717176,5.49313732,-0.374897925,-0.280893508,-0.163622893,2.042255685,-0.428391599,-0.156714941
24,Day3,0.340474475,-0.174468295,-0.154917494,-0.376271456,16.12605541,1.683062352,-0.345443683,-0.397973731,-0.326235554,0,2.306835732,0,-0.19411957,-0.293717176,0.871907758,-0.374897925,-0.280893508,-0.370778481,2.304214641,-0.428391599,3.162349035
24,Day4,0.057961269,-0.314448672,-0.154917494,-0.376271456,0.022616057,1.765648092,0.020993815,-0.251602194,1.42803351,0,1.99339313,0,-0.281236645,-0.293717176,1.001800835,-0.306064571,-0.280893508,-0.370778481,1.571135701,0.476375139,-0.385805932
24,Day5,0.375788626,-0.314448672,-0.154917494,-0.16778914,-0.144432069,-0.645514975,0.563015948,-0.020956136,-0.40649623,0,0.616614728,0,-0.281236645,-0.293717176,0.185828213,-0.374897925,-0.280893508,0.522579995,0.681693664,-0.428391599,0.889545975
24,Day6,0.340474475,-0.314448672,-0.154917494,0.591300319,0.139549745,1.272687847,-0.024810872,-0.411280235,-0.40649623,0,1.946923442,0,-0.281236645,-0.293717176,0.923341929,0.110759628,-0.280893508,-0.370778481,6.367624497,-0.428391599,0.660454985
25,Day1,-0.295180238,0.931376678,-0.122270081,-0.16778914,-0.099885902,-0.696598939,-0.345443683,-0.411280235,-0.40649623,0,-0.321890735,0,0.029895766,-0.293717176,0.508381493,-0.327096984,0.357634201,0.160057715,-0.388479746,4.201262762,-0.410998068
25,Day2,0.693615982,1.561288372,-0.115740599,1.243475769,-0.144432069,0.338702718,-0.345443683,0.835095581,0.694221614,0,2.052619203,0,-0.281236645,-0.293717176,-0.219542801,1.250334042,0.155174196,0.121216042,-0.388479746,3.475068407,-0.15828945
25,Day3,0.199217872,-0.286452596,-0.050445773,-0.002072427,0.122844932,1.25395706,-0.345443683,0.231867428,-0.40649623,0,1.439401556,0,0.042341063,-0.293717176,-0.51245605,0.634657932,-0.187450429,-0.098886771,-0.388479746,6.152331386,-0.410998068
25,Day4,-0.295180238,-0.314448672,-0.120093587,0.008618973,-0.144432069,-0.339011196,-0.345443683,-0.411280235,-0.40649623,0,0.600213662,0,-0.082111902,-0.293717176,-0.308462894,-0.002050591,-0.125155042,0.069427145,-0.388479746,3.875864199,-0.410998068
25,Day5,-0.295180238,1.113351168,-0.152741,-0.312123051,-0.127727257,0.90658611,-0.345443683,-0.411280235,-0.40649623,0,1.168783962,0,-0.200342218,-0.293717176,0.91723957,5.200603741,6.929797453,0.05647992,-0.388479746,4.321633776,0.719499054
25,Day6,3.130292383,0.14748657,-0.144035023,0.136915783,-0.144432069,1.169668521,-0.345443683,-0.016520635,-0.234509067,0,1.598856368,0,-0.281236645,-0.293717176,0.596429821,1.77996846,-0.265319661,0.509632771,-0.388479746,3.496232541,-0.410998068
26,Day1,2.52995182,-0.314448672,1.06174276,-0.376271456,-0.144432069,-0.540792851,1.55545084,-0.224989187,-0.383564608,0,-0.546949812,0,0.723721044,-0.293717176,-0.381691207,-0.233407142,-0.280893508,0.147110491,-0.388479746,-0.417809532,-0.399976509
26,Day2,-0.295180238,-0.314448672,0.09102635,-0.317468752,-0.144432069,-0.882204005,2.799811511,-0.411280235,0.120931071,0,-0.663579617,0,-0.281236645,-0.293717176,-0.533378425,-0.374897925,-0.280893508,-0.370778481,-0.388479746,-0.428391599,-0.410998068
26,Day3,-0.295180238,-0.314448672,-0.011268878,-0.376271456,-0.099885902,1.875478613,-0.05534733,-0.411280235,-0.188645823,0,-0.095009317,0,-0.281236645,-0.293717176,0.662684008,0.290491163,-0.280893508,-0.370778481,-0.388479746,-0.428391599,-0.40942356
26,Day4,-0.295180238,-0.314448672,-0.154917494,-0.338851553,0.640694123,-0.489708887,-0.32254134,-0.411280235,-0.268906499,0,-0.004803452,0,4.830668874,-0.293717176,-0.286668754,1.843065701,-0.280893508,-0.370778481,-0.388479746,-0.428391599,-0.410998068
26,Day5,2.706522574,-0.314448672,-0.148388012,3.745263562,0.473645997,0.370204495,1.112672196,-0.411280235,-0.245974878,0,-0.162435923,0,0.179239324,-0.293717176,-0.570864347,4.365043306,-0.280893508,-0.267200687,-0.388479746,-0.428391599,-0.402338271
26,Day6,-0.295180238,-0.314448672,-0.154917494,-0.376271456,-0.116590715,2.012553915,0.891282874,-0.380231727,-0.40649623,0,-0.148768368,0,-0.225232811,-0.293717176,-0.570864347,-0.336657172,-0.280893508,-0.370778481,-0.388479746,-0.428391599,-0.340932439
27,Day1,-0.295180238,-0.314448672,0.110614797,-0.376271456,-0.144432069,-0.961384148,-0.345443683,-0.411280235,-0.257440688,0,-0.701848772,0,-0.281236645,-0.293717176,-0.578710237,-0.374897925,-0.280893508,-0.370778481,-0.388479746,-0.428391599,-0.408636306
27,Day2,-0.295180238,-0.314448672,-0.154917494,-0.338851553,-0.144432069,-0.226626476,-0.345443683,-0.411280235,-0.383564608,0,-0.701848772,0,-0.281236645,-0.293717176,-0.051292036,-0.374897925,-0.280893508,-0.370778481,-0.388479746,-0.428391599,-0.410998068
27,Day3,-0.295180238,-0.314448672,-0.109211116,-0.354888655,0.10614012,0.230574995,-0.345443683,-0.411280235,-0.40649623,0,-0.701848772,0,-0.281236645,-0.293717176,-0.288412285,-0.355777549,-0.280893508,-0.370778481,-0.388479746,-0.428391599,-0.410998068
27,Day4,-0.295180238,-0.314448672,-0.154917494,-0.360234355,-0.144432069,-0.961384148,-0.345443683,-0.411280235,-0.383564608,0,-0.701848772,0,1.218421578,-0.293717176,-0.324154676,-0.374897925,-0.280893508,-0.370778481,-0.388479746,-0.428391599,-0.410998068
27,Day5,-0.295180238,-0.314448672,-0.154917494,-0.322814452,0.022616057,-0.95882995,-0.299638996,-0.202811682,-0.108385147,0,-0.701848772,0,-0.191008246,-0.293717176,-0.493277206,-0.363425699,-0.280893508,-0.370778481,-0.388479746,-0.428391599,-0.410998068
27,Day6,-0.295180238,-0.314448672,-0.137505541,-0.376271456,0.551601789,-0.965641145,-0.299638996,-0.264908698,0.189725936,0,-0.701848772,0,-0.281236645,-0.293717176,-0.325026441,-0.33092106,-0.280893508,-0.370778481,-0.388479746,-0.428391599,-0.40942356
28,Day1,-0.295180238,-0.314448672,-0.148388012,-0.376271456,-0.144432069,-0.965641145,-0.345443683,-0.411280235,-0.40649623,0,-0.701848772,0,-0.281236645,-0.293717176,0.015833917,-0.374897925,-0.280893508,-0.370778481,-0.388479746,-0.382095055,0.299892532
28,Day2,-0.295180238,-0.314448672,-0.154917494,-0.338851553,-0.144432069,-0.965641145,-0.269102538,-0.411280235,2.631943653,0,-0.701848772,0,-0.281236645,-0.293717176,0.891958367,-0.374897925,-0.280893508,-0.370778481,-0.388479746,-0.428391599,-0.13073555
28,Day3,-0.295180238,-0.314448672,0.206380542,-0.376271456,-0.144432069,-0.965641145,3.044103177,-0.411280235,1.634418106,0,-0.701848772,0,-0.281236645,-0.293717176,-0.734756284,-0.374897925,-0.280893508,-0.370778481,-0.388479746,0.01605522,0.432938502
28,Day4,-0.295180238,-0.314448672,0.243380943,-0.376271456,-0.144432069,-0.965641145,-0.345443683,-0.411280235,-0.40649623,0,-0.701848772,0,-0.281236645,-0.293717176,-0.308462894,-0.374897925,-0.280893508,-0.370778481,-0.388479746,-0.428391599,0.639986374
28,Day5,-0.295180238,-0.314448672,2.439463586,-0.376271456,-0.144432069,-0.965641145,-0.345443683,-0.411280235,0.396110532,0,-0.701848772,0,-0.281236645,-0.293717176,0.801294742,-0.374897925,-0.280893508,-0.370778481,-0.388479746,-0.428391599,-0.410998068
28,Day6,-0.295180238,-0.314448672,-0.154917494,1.574909195,-0.144432069,-0.965641145,-0.345443683,-0.411280235,-0.14278258,0,-0.701848772,0,-0.281236645,-0.293717176,-0.467124238,-0.355777549,-0.280893508,-0.370778481,-0.388479746,-0.428391599,-0.39289122
29,Day1,-0.295180238,-0.314448672,-0.154917494,-0.376271456,-0.144432069,1.419979941,-0.345443683,-0.229424689,-0.40649623,0,-0.701848772,0,-0.281236645,-0.293717176,4.23866659,-0.374897925,-0.280893508,0.367213304,-0.388479746,-0.428391599,0.42506596
29,Day2,0.022647118,-0.314448672,-0.154917494,-0.242628946,-0.144432069,0.83677136,-0.276736652,0.653240035,-0.40649623,0,-0.701848772,0,-0.281236645,-0.293717176,1.020107913,-0.374897925,-0.280893508,-0.176570117,-0.388479746,-0.428391599,3.591402608
29,Day3,-0.295180238,-0.314448672,-0.154917494,-0.376271456,-0.144432069,1.167114322,-0.330175454,-0.2737797,-0.40649623,0,-0.701848772,0,-0.281236645,-0.293717176,0.816114758,-0.374897925,-0.280893508,-0.111833995,-0.388479746,-0.428391599,0.656518713
29,Day4,-0.295180238,-0.314448672,-0.154917494,-0.317468752,-0.144432069,2.898860678,-0.345443683,-0.362489722,-0.40649623,0,-0.701848772,0,-0.281236645,-0.293717176,0.371514291,-0.374897925,-0.280893508,-0.241306238,-0.388479746,-0.428391599,1.30206721
29,Day5,-0.295180238,-0.314448672,-0.061328244,-0.317468752,-0.144432069,1.790338675,1.960058911,-0.371360725,-0.40649623,0,-0.701848772,0,-0.281236645,-0.293717176,-0.21169691,-0.374897925,-0.280893508,-0.370778481,-0.388479746,-0.428391599,1.563435625
29,Day6,-0.295180238,-0.314448672,-0.133152552,-0.354888655,-0.144432069,1.51789087,0.402699543,0.085495891,-0.40649623,0,-0.701848772,0,-0.281236645,-0.293717176,-0.563890222,-0.374897925,-0.280893508,-0.03415065,-0.388479746,-0.428391599,0.607708949
30,Day1,-0.295180238,-0.314448672,-0.154917494,-0.269357448,-0.144432069,-0.965641145,-0.345443683,0.600014022,-0.40649623,0,-0.701848772,0,-0.278125321,0.130989782,-0.502866628,-0.225758991,-0.280893508,-0.331936808,-0.388479746,-0.423100566,2.039724455
30,Day2,-0.295180238,6.222634906,-0.061328244,4.194302397,-0.144432069,-0.965641145,-0.345443683,1.389533222,0.625426749,0,-0.701848772,0,-0.259457376,-0.087999743,0.266902416,6.198687372,-0.203024275,4.445588958,-0.388479746,-0.113575103,3.237925444
30,Day3,-0.295180238,-0.174468295,-0.154917494,3.216039222,-0.144432069,-0.965641145,-0.345443683,0.31614195,-0.177180012,0,-0.701848772,0,-0.259457376,-0.293717176,0.308747166,-0.374897925,-0.280893508,-0.370778481,-0.388479746,-0.37812678,0.426640468
30,Day4,-0.295180238,-0.258456521,-0.154917494,-0.023455229,-0.144432069,-0.965641145,-0.345443683,-0.043133641,-0.40649623,0,-0.701848772,0,-0.281236645,-0.293717176,-0.60399144,-0.334745135,-0.280893508,-0.370778481,-0.388479746,-0.428391599,0.580942304
30,Day5,-0.295180238,-0.314448672,-0.052622267,-0.312123051,-0.144432069,-0.965641145,-0.345443683,0.67098204,-0.40649623,0,-0.701848772,0,-0.281236645,-0.293717176,0.048089245,-0.233407142,1.774854239,5.662628042,-0.388479746,-0.393999881,0.934419468
30,Day6,-0.295180238,-0.188466333,-0.154917494,-0.055529431,-0.144432069,-0.965641145,-0.345443683,0.564530013,-0.234509067,0,-0.701848772,0,-0.250123404,-0.121179974,0.215468244,-0.374897925,3.22322197,0.004691023,-0.388479746,-0.37019023,0.83679994
31,Day1,1.329270696,-0.314448672,-0.154917494,-0.338851553,-0.144432069,-0.301549622,-0.345443683,-0.127408163,0.648358371,0,-0.470411502,0,-0.281236645,-0.293717176,-0.758293955,-0.374897925,-0.280893508,-0.30604236,1.04112572,-0.188972331,1.206022189
31,Day2,-0.295180238,-0.314448672,-0.122270081,-0.360234355,-0.144432069,-0.794509868,-0.23856608,-0.176198675,-0.40649623,0,-0.701848772,0,-0.281236645,-0.293717176,-0.758293955,-0.374897925,-0.280893508,-0.370778481,-0.343804575,0.800450944,-0.410998068
31,Day3,0.340474475,-0.314448672,-0.05915175,-0.376271456,-0.144432069,-0.447990317,0.02862793,0.755256561,3.365755549,0,-0.700026431,0,1.700676815,-0.293717176,-0.758293955,-0.374897925,-0.280893508,-0.370778481,4.089190784,-0.047437183,-0.343294202
31,Day4,-0.295180238,-0.314448672,0.297793298,-0.360234355,-0.144432069,-0.320280409,1.311159174,-0.304828208,0.178260125,0,-0.701848772,0,1.762903298,-0.293717176,-0.75131983,-0.374897925,-0.280893508,-0.370778481,1.353851916,0.239601387,-0.317314811
31,Day5,-0.295180238,-0.314448672,-0.148388012,-0.376271456,-0.116590715,-0.780036079,-0.345443683,0.058882884,-0.40649623,0,-0.700026431,0,0.356584798,-0.293717176,-0.70162919,0.428157871,-0.280893508,-0.370778481,-0.378326298,0.11393934,-0.410998068
31,Day6,0.128589571,-0.314448672,-0.154917494,-0.322814452,-0.144432069,-0.48630329,-0.062981445,0.963725114,1.496828376,0,-0.701848772,0,-0.281236645,-0.293717176,-0.754806893,-0.283120119,-0.280893508,-0.370778481,0.151683683,3.083531924,-0.073265989
32,Day1,-0.295180238,-0.314448672,-0.154917494,-0.376271456,-0.144432069,-0.654880369,-0.345443683,-0.269344199,-0.40649623,0,-0.635333336,0,-0.225232811,-0.293717176,-0.683322112,-0.374897925,-0.280893508,-0.370778481,-0.388479746,-0.428391599,-0.410998068
32,Day2,-0.295180238,-0.20246437,0.136732728,-0.16778914,-0.144432069,0.274847763,-0.345443683,-0.331441214,-0.234509067,0,-0.656290254,0,0.092122249,-0.293717176,-0.345948816,-0.374897925,0.295338815,-0.344884033,0.655294699,-0.428391599,-0.383444169
32,Day3,-0.295180238,-0.244458483,-0.133152552,-0.205209043,-0.144432069,-0.04017001,-0.345443683,-0.39353823,9.201853285,0,-0.451276925,0,-0.05099866,-0.293717176,-0.373845316,-0.374897925,0.233043429,1.182888435,-0.100121826,-0.428391599,-0.217333519
32,Day4,-0.295180238,0.609421813,-0.115740599,-0.018109529,-0.144432069,-0.800469664,-0.345443683,-0.198376181,-0.40649623,0,-0.688181217,0,-0.281236645,-0.293717176,-0.296258176,-0.374897925,-0.078433503,-0.21541179,2.767211866,-0.428391599,-0.316527557
32,Day5,-0.295180238,0.049500307,-0.154917494,-0.30143165,-0.144432069,0.638395302,-0.345443683,-0.091924154,-0.40649623,0,-0.599797693,0,0.38769804,-0.293717176,0.615608665,-0.374897925,-0.00056427,-0.228359014,0.015627481,-0.428391599,0.440811045
32,Day6,-0.295180238,0.609421813,-0.065681232,-0.135714938,-0.144432069,-0.041872809,-0.345443683,0.00122137,0.224123368,0,-0.381116808,0,1.364653811,-0.293717176,0.951238429,-0.156925637,0.746980365,-0.370778481,0.545637462,-0.428391599,-0.248036436
33,Day1,-0.295180238,-0.314448672,-0.154917494,0.361435201,0.328870955,-0.316874811,-0.345443683,-0.371360725,-0.40649623,0,-0.658112595,0,-0.135004412,0.217258383,-0.521173706,-0.374897925,-0.280893508,-0.370778481,-0.197594926,0.020023495,-0.410998068
33,Day2,-0.295180238,-0.034487919,-0.154917494,0.917388044,-0.144432069,-0.236843269,-0.345443683,0.267351437,-0.051056093,0,-0.161524753,0,-0.250123404,-0.253900899,0.131778745,-0.374897925,-0.280893508,-0.370778481,-0.366142161,-0.375481264,0.542366845
33,Day3,-0.295180238,-0.062483994,-0.154917494,-0.231937545,0.223073808,0.034753136,-0.345443683,0.449206983,0.625426749,0,-0.096831658,0,-0.079000577,0.104445597,-0.054779098,-0.374897925,-0.280893508,-0.293095136,-0.360050092,-0.428391599,0.232975919
33,Day4,-0.295180238,-0.314448672,-0.146211518,1.329006976,-0.144432069,1.080271585,-0.345443683,0.706466049,-0.40649623,0,-0.584307797,0,0.919734463,-0.174268344,-0.495020738,-0.374897925,-0.265319661,-0.370778481,-0.380356988,0.357326884,-0.410998068
33,Day5,-0.295180238,1.8692452,0.145438704,-0.328160153,0.200800725,-0.727249317,-0.345443683,2.675828548,1.886665946,0,0.107270501,0,6.367662986,0.874226958,-0.444458332,-0.374897925,-0.280893508,-0.370778481,-0.378326298,-0.28817921,0.15739951
33,Day6,-0.295180238,-0.314448672,-0.050445773,-0.376271456,-0.144432069,-0.886461002,-0.345443683,0.00122137,-0.01665866,0,-0.187037523,0,0.008116498,-0.048183466,-0.670245628,-0.374897925,-0.125155042,-0.370778481,-0.349896644,-0.031564082,-0.40942356
34,Day1,-0.295180238,0.427447323,-0.130976058,-0.194517642,-0.055339735,-0.965641145,3.601393539,-0.411280235,-0.40649623,0,1.385642505,0,-0.265680024,-0.293717176,-0.75742219,-0.158837675,-0.280893508,-0.370778481,-0.388479746,-0.286856451,-0.201588434
34,Day2,-0.118609485,2.219196141,-0.154917494,-0.317468752,-0.144432069,-0.965641145,-0.345443683,-0.411280235,0.097999449,0,-0.701848772,0,-0.281236645,-0.293717176,-0.758293955,-0.374897925,-0.280893508,-0.370778481,-0.116367342,-0.428391599,-0.382656915
34,Day3,-0.295180238,0.805394339,-0.154917494,0.650103023,0.033752598,-0.648069174,-0.345443683,-0.411280235,-0.40649623,0,-0.168814116,0,-0.215898838,-0.293717176,-0.090521489,-0.323272909,-0.280893508,-0.370778481,-0.004679415,0.193304844,2.860830652
34,Day4,-0.295180238,9.75014039,-0.154917494,-0.178480541,-0.144432069,-0.965641145,-0.345443683,-0.411280235,-0.40649623,0,-0.531459916,0,-0.281236645,-0.293717176,-0.64583619,-0.365337737,-0.280893508,0.004691023,-0.388479746,-0.330507478,-0.324400099
34,Day5,-0.295180238,-0.314448672,-0.046092785,-0.376271456,-0.144432069,-0.40286615,-0.345443683,-0.411280235,-0.40649623,0,-0.701848772,0,-0.281236645,-0.293717176,-0.662399737,-0.374897925,-0.280893508,1.118152313,-0.388479746,-0.322570928,-0.410998068
34,Day6,-0.118609485,-0.286452596,-0.035210314,-0.280048849,-0.144432069,-0.095510971,-0.345443683,-0.411280235,-0.40649623,0,-0.701848772,0,-0.281236645,-0.293717176,-0.350307644,-0.374897925,-0.280893508,0.328371631,-0.388479746,-0.345057821,-0.406274543
35,Day1,-0.295180238,-0.286452596,-0.107034622,-0.328160153,-0.144432069,-0.965641145,-0.345443683,-0.065311147,1.588554863,0,0.521853011,0,-0.281236645,-0.293717176,-0.699013893,-0.374897925,-0.280893508,-0.370778481,-0.362080782,-0.428391599,-0.170098264
35,Day2,-0.224551937,-0.216462408,-0.144035023,-0.349542954,-0.144432069,-0.965641145,-0.345443683,-0.411280235,-0.40649623,0,-0.321890735,0,-0.281236645,-0.293717176,-0.739986877,-0.374897925,-0.280893508,-0.370778481,-0.351927334,-0.428391599,-0.379507898
35,Day3,-0.295180238,-0.314448672,-0.154917494,-0.376271456,-0.144432069,-0.965641145,-0.345443683,-0.411280235,-0.40649623,0,-0.305489669,0,-0.281236645,-0.293717176,-0.693783299,-0.374897925,-0.280893508,-0.370778481,-0.36817285,-0.428391599,-0.392103966
35,Day4,-0.295180238,-0.314448672,-0.154917494,-0.376271456,-0.144432069,-0.965641145,-0.345443683,-0.411280235,-0.40649623,0,-0.12690028,0,-0.281236645,-0.293717176,-0.644964425,-0.374897925,-0.280893508,-0.370778481,-0.307252163,-0.428391599,-0.410998068
35,Day5,-0.295180238,-0.314448672,-0.154917494,1.756663009,-0.144432069,-0.965641145,-0.345443683,-0.411280235,1.955460811,0,-0.654467914,0,-0.281236645,-0.293717176,-0.758293955,-0.374897925,-0.280893508,-0.370778481,1.028941583,-0.428391599,0.348702296
35,Day6,-0.295180238,-0.314448672,-0.154917494,-0.29074025,-0.133295528,-0.965641145,-0.345443683,-0.411280235,-0.40649623,0,-0.298200306,0,-0.281236645,-0.293717176,-0.622298518,-0.351953473,-0.280893508,-0.370778481,-0.36817285,-0.428391599,-0.40942356
36,Day1,-0.295180238,-0.090480069,-0.150564506,-0.354888655,-0.144432069,-0.965641145,-0.345443683,1.252032687,-0.28037231,0,-0.648089721,0,-0.222121487,-0.293717176,-0.753935127,0.083991101,-0.280893508,-0.370778481,-0.388479746,-0.428391599,-0.410998068
36,Day2,-0.295180238,0.203478721,-0.154917494,-0.237283246,-0.144432069,-0.965641145,-0.345443683,1.633485784,0.166794314,0,-0.701848772,0,-0.281236645,-0.293717176,-0.644964425,-0.147365449,-0.280893508,0.574368892,-0.388479746,-0.428391599,-0.359039287
36,Day3,-0.295180238,0.32946106,-0.120093587,-0.338851553,-0.144432069,-0.965641145,-0.345443683,2.112519905,0.132396881,0,-0.508680657,0,0.101456221,-0.293717176,-0.535121956,-0.367249774,-0.109581196,-0.21541179,-0.388479746,-0.423100566,-0.410998068
36,Day4,-0.295180238,-0.314448672,-0.098328645,-0.376271456,-0.144432069,-0.965641145,-0.345443683,0.471384489,-0.211577445,0,-0.402073726,0,0.428145253,-0.293717176,-0.07831677,-0.374897925,4.033061991,0.496685547,-0.388479746,-0.384740572,-0.410998068
36,Day5,-0.295180238,0.833390415,-0.078740198,-0.322814452,-0.144432069,-0.965641145,-0.345443683,0.271786938,-0.234509067,0,-0.620754611,0,-0.281236645,-0.293717176,0.48310029,0.288579125,-0.04728581,-0.228359014,-0.388479746,-0.420455049,-0.181907078
36,Day6,-0.295180238,-0.314448672,-0.148388012,-0.285394549,-0.144432069,-0.965641145,-0.345443683,1.478243244,2.4714223,0,-0.491368421,0,0.636603969,-0.293717176,-0.372973551,-0.212374728,-0.094007349,0.147110491,-0.388479746,0.525317199,-0.410998068
37,Day1,3.094978232,-0.314448672,-0.148388012,-0.050183731,-0.144432069,0.219506803,-0.345443683,-0.411280235,0.189725936,0,-0.289999773,0,-0.281236645,-0.068091605,-0.70162919,-0.374897925,-0.280893508,0.80741893,-0.388479746,0.90230334,-0.410998068
37,Day2,-0.295180238,0.819392377,-0.154917494,-0.333505853,-0.144432069,-0.140635138,-0.345443683,-0.411280235,0.166794314,0,3.553316774,0,-0.281236645,-0.187540437,-0.753063362,-0.374897925,-0.280893508,3.772333295,-0.388479746,-0.308020586,1.058805642
37,Day3,-0.295180238,3.143066625,-0.011268878,0.136915783,-0.144432069,-0.317726211,-0.345443683,-0.411280235,-0.40649623,0,1.444868578,0,0.001893849,6.32905695,-0.569120815,-0.099564509,-0.280893508,0.108268818,-0.388479746,0.284575173,-0.366124575
37,Day4,4.542858412,-0.244458483,-0.154917494,0.243829792,-0.144432069,-0.501628479,-0.345443683,-0.411280235,-0.40649623,0,0.605680684,0,-0.281236645,-0.240628806,-0.758293955,-0.374897925,-0.280893508,-0.370778481,-0.388479746,-0.270983351,-0.410998068
37,Day5,-0.295180238,-0.314448672,-0.146211518,1.6390576,-0.144432069,0.079025904,-0.345443683,-0.411280235,-0.40649623,0,0.979260528,0,-0.281236645,-0.187540437,-0.758293955,-0.374897925,-0.280893508,-0.357831257,-0.388479746,-0.372835747,-0.410998068
37,Day6,-0.295180238,1.281327619,-0.154917494,-0.322814452,-0.144432069,0.077323105,-0.345443683,-0.411280235,2.792465005,0,0.923679137,0,-0.281236645,1.630736227,-0.747832768,-0.160749713,-0.280893508,-0.344884033,-0.388479746,-0.41913229,1.223341783
38,Day1,-0.295180238,-0.314448672,-0.146211518,-0.376271456,-0.144432069,-0.965641145,-0.345443683,-0.411280235,-0.372098797,0,-0.175192308,0,-0.281236645,-0.293717176,-0.464508941,0.150912418,-0.280893508,-0.370778481,-0.388479746,-0.428391599,-0.410998068
38,Day2,-0.295180238,-0.314448672,-0.130976058,0.115532982,-0.144432069,-0.965641145,-0.345443683,-0.411280235,-0.40649623,0,0.313195001,0,-0.097668522,-0.293717176,-0.607478503,-0.179870089,0.201895736,-0.370778481,-0.388479746,-0.428391599,-0.410998068
38,Day3,3.271548986,-0.314448672,-0.000386407,-0.231937545,1.403547233,-0.965641145,-0.345443683,-0.411280235,0.063602016,0,1.238944079,0,-0.069666605,-0.293717176,-0.372973551,-0.374897925,-0.280893508,-0.370778481,-0.388479746,-0.428391599,-0.410998068
38,Day4,-0.295180238,-0.314448672,-0.154917494,-0.376271456,0.028184328,-0.965641145,-0.345443683,-0.411280235,0.292918234,0,-0.192504545,0,-0.281236645,-0.293717176,-0.549941972,-0.177958051,-0.280893508,-0.370778481,-0.388479746,-0.428391599,-0.410998068
38,Day5,-0.295180238,-0.314448672,0.086673361,-0.344197254,-0.144432069,-0.965641145,-0.345443683,-0.411280235,0.338781477,0,0.229367328,0,-0.281236645,-0.293717176,-0.353794707,-0.374897925,-0.280893508,-0.370778481,-0.388479746,-0.428391599,-0.410998068
38,Day6,-0.295180238,-0.314448672,-0.154917494,-0.16244344,0.095003578,-0.965641145,-0.345443683,-0.411280235,-0.40649623,0,-0.694559409,0,-0.281236645,-0.293717176,-0.329385269,-0.221934916,-0.280893508,-0.370778481,-0.388479746,-0.428391599,-0.410998068
39,Day1,-0.295180238,-0.230460446,-0.154917494,-0.360234355,-0.144432069,-0.965641145,-0.345443683,-0.411280235,0.843277156,0,-0.150590709,0,-0.281236645,-0.293717176,-0.675476221,-0.374897925,-0.280893508,-0.254253463,-0.388479746,-0.428391599,-0.410998068
39,Day2,-0.295180238,-0.14647222,-0.135329047,-0.360234355,-0.144432069,-0.965641145,-0.345443683,-0.411280235,0.075067827,0,0.181075299,0,-0.281236645,-0.28708113,-0.593530253,-0.374897925,-0.280893508,-0.30604236,-0.388479746,-0.413841257,-0.10475616
39,Day3,-0.295180238,-0.104478107,0.271675368,2.815111691,-0.144432069,-0.965641145,-0.345443683,-0.411280235,-0.062521904,0,3.676324771,0,-0.281236645,-0.293717176,-0.381691207,-0.374897925,-0.280893508,0.263635509,-0.388479746,-0.428391599,0.818693092
39,Day4,-0.118609485,0.049500307,-0.117917093,-0.221246144,-0.144432069,-0.965641145,-0.345443683,-0.411280235,0.350247288,0,2.083598995,0,-0.281236645,-0.293717176,-0.146314489,-0.374897925,-0.280893508,-0.267200687,-0.388479746,-0.428391599,-0.410998068
39,Day5,-0.295180238,0.413449286,-0.154917494,-0.29608595,-0.144432069,-0.965641145,-0.345443683,-0.411280235,-0.051056093,0,0.38973331,0,-0.032330716,1.663916458,-0.685065643,-0.374897925,-0.280893508,-0.150675668,-0.388479746,-0.37019023,-0.362188304
39,Day6,-0.295180238,-0.272454559,-0.154917494,-0.376271456,-0.144432069,-0.965641145,-0.345443683,-0.411280235,-0.40649623,0,0.539165248,0,-0.281236645,2.095259463,-0.685937409,-0.374897925,-0.280893508,0.185952163,-0.388479746,-0.428391599,-0.410998068
40,Day1,-0.295180238,-0.314448672,-0.154917494,-0.376271456,-0.144432069,-0.940099164,-0.345443683,-0.411280235,-0.40649623,0,-0.701848772,0,-0.271902673,-0.048183466,-0.75742219,-0.374897925,-0.280893508,-0.370778481,-0.388479746,-0.428391599,-0.408636306
40,Day2,-0.295180238,-0.314448672,-0.154917494,-0.044838031,-0.144432069,-0.963086947,-0.345443683,-0.411280235,-0.245974878,0,-0.701848772,0,-0.281236645,5.141204677,-0.752191596,-0.374897925,-0.280893508,-0.370778481,-0.388479746,-0.428391599,-0.410998068
40,Day3,-0.295180238,-0.314448672,0.478442316,-0.376271456,-0.133295528,-0.951167356,0.066798502,-0.411280235,-0.40649623,0,-0.701848772,0,-0.281236645,0.210622337,-0.4427148,-0.374897925,-0.280893508,-0.370778481,-0.388479746,-0.304052311,-0.410998068
40,Day4,-0.295180238,-0.314448672,0.032261006,-0.29608595,-0.144432069,-0.886461002,-0.345443683,-0.411280235,-0.40649623,0,-0.701848772,0,-0.275013997,1.378566471,-0.733884518,-0.374897925,-0.280893508,-0.370778481,-0.388479746,-0.428391599,-0.410998068
40,Day5,-0.295180238,-0.314448672,-0.154917494,-0.199863343,-0.144432069,-0.965641145,-0.345443683,-0.411280235,-0.40649623,0,-0.701848772,0,-0.281236645,0.409703723,-0.758293955,-0.374897925,-0.280893508,-0.370778481,-0.388479746,-0.428391599,-0.410998068
40,Day6,-0.295180238,1.225335469,-0.08526968,-0.285394549,-0.144432069,-0.815794853,-0.345443683,-0.411280235,-0.40649623,0,-0.701848772,0,-0.163006329,2.400517589,-0.665015034,-0.374897925,-0.280893508,-0.370778481,-0.388479746,-0.428391599,-0.410998068
41,Day1,3.377491438,0.651415925,-0.144035023,-0.376271456,-0.144432069,0.401706272,-0.345443683,-0.358054221,-0.40649623,0,-0.701848772,0,0.384586715,-0.293717176,-0.126263879,-0.374897925,-0.280893508,-0.293095136,-0.315374921,2.469772031,-0.410998068
41,Day2,-0.295180238,-0.314448672,-0.154917494,0.211755589,-0.144432069,-0.631892585,0.051530273,-0.411280235,1.508294187,0,-0.481345547,0,-0.281236645,-0.293717176,-0.314565254,-0.374897925,-0.280893508,-0.370778481,-0.388479746,1.385110152,-0.410998068
41,Day3,-0.295180238,2.149205953,-0.154917494,0.168989986,-0.144432069,0.33529712,-0.345443683,0.054447383,-0.119850958,0,-0.310956691,0,-0.281236645,-0.293717176,-0.633631471,-0.374897925,-0.280893508,-0.072992323,0.36084471,0.498862032,-0.410998068
41,Day4,9.698724419,6.516593696,-0.154917494,0.265212593,-0.077612819,3.375644336,0.219480793,0.5157395,-0.40649623,0,-0.222573167,0,-0.281236645,-0.293717176,0.435153181,-0.371073849,-0.280893508,-0.085939547,-0.388479746,1.10733089,-0.410998068
41,Day5,-0.295180238,0.189480683,-0.067857727,-0.114332136,-0.144432069,2.193050585,-0.230931965,-0.411280235,-0.40649623,0,-0.351959357,0,-0.281236645,-0.293717176,1.272048178,-0.361513661,-0.280893508,-0.189517341,-0.388479746,0.701244065,0.165272053
41,Day6,-0.295180238,0.679412001,-0.154917494,-0.247974646,-0.144432069,0.416180062,-0.345443683,2.050422889,-0.40649623,0,-0.701848772,0,-0.281236645,-0.293717176,-0.310206426,-0.33856921,-0.280893508,-0.318989584,-0.388479746,-0.143998545,-0.410998068
42,Day1,-0.295180238,-0.104478107,0.056202442,-0.376271456,-0.144432069,-0.386689561,-0.345443683,0.258480435,-0.40649623,0,-0.311867861,0,-0.10389117,-0.293717176,-0.191646301,-0.244879367,0.809275752,0.134163266,-0.388479746,-0.388708847,-0.410210814
42,Day2,-0.295180238,-0.314448672,-0.130976058,-0.376271456,-0.144432069,-0.087848376,-0.345443683,0.688724044,0.361713099,0,0.067179005,0,0.219686537,-0.293717176,0.424691994,-0.334745135,3.72158506,-0.047097874,-0.010771484,-0.079183384,-0.038626802
42,Day3,-0.295180238,-0.314448672,-0.000386407,-0.376271456,-0.144432069,0.19566762,-0.345443683,-0.083053151,0.338781477,0,-0.241707744,0,-0.281236645,-0.293717176,0.423820228,1.041921943,0.840423445,3.681702724,0.01968886,-0.428391599,-0.410210814
42,Day4,-0.295180238,-0.314448672,-0.152741,-0.376271456,-0.144432069,-0.150851931,-0.345443683,0.258480435,-0.40649623,0,-0.300022647,0,-0.281236645,-0.293717176,-0.139340364,-0.374897925,-0.234171968,0.108268818,-0.366142161,-0.421777807,-0.410998068
42,Day5,-0.295180238,-0.314448672,-0.133152552,-0.376271456,-0.144432069,1.92230558,-0.345443683,0.107673397,-0.40649623,0,0.708642934,0,-0.19411957,-0.293717176,0.450844962,0.546704202,0.139600349,0.315424406,-0.217901821,-0.416486774,-0.410998068
42,Day6,-0.295180238,-0.314448672,-0.013445372,-0.376271456,-0.144432069,0.574540348,-0.345443683,0.231867428,-0.108385147,0,0.360575859,0,0.169905352,-0.293717176,0.486587353,-0.03455523,1.696985006,-0.176570117,-0.388479746,-0.428391599,-0.410998068
43,Day1,-0.295180238,-0.314448672,-0.117917093,-0.376271456,-0.144432069,-0.691490542,-0.345443683,-0.411280235,-0.395030419,0,-0.313690202,0,-0.119447791,-0.293717176,0.832678305,-0.090004321,1.229769609,-0.254253463,-0.388479746,-0.428391599,-0.410998068
43,Day2,-0.295180238,-0.314448672,0.151968187,-0.376271456,-0.144432069,0.199924617,-0.345443683,-0.411280235,-0.154248391,0,0.143717315,0,-0.178562949,-0.293717176,2.869122798,2.246505636,1.806001932,3.824122192,-0.388479746,-0.421777807,-0.410998068
43,Day3,-0.295180238,-0.314448672,-0.019974854,-0.066220832,-0.144432069,1.08623138,-0.345443683,-0.411280235,-0.40649623,0,0.452604065,0,-0.125670439,-0.293717176,2.492520049,-0.009698741,2.070757324,0.380160528,-0.388479746,-0.400613673,-0.410998068
43,Day4,-0.295180238,-0.314448672,16.04908178,-0.370925756,-0.144432069,-0.256425455,-0.345443683,-0.411280235,-0.40649623,0,-0.51597002,0,-0.271902673,-0.293717176,1.02882557,-0.374897925,4.033061991,3.875911089,-0.388479746,-0.428391599,-0.410998068
43,Day5,-0.295180238,-0.314448672,0.080143879,-0.376271456,-0.144432069,-0.038467211,-0.345443683,-0.411280235,2.941520546,0,-0.068585377,0,0.182350648,-0.293717176,0.341002494,1.607885075,2.693711186,0.211846612,-0.388479746,-0.428391599,-0.410998068
43,Day6,1.753040504,-0.314448672,-0.039563302,-0.376271456,-0.144432069,-0.38839236,-0.345443683,-0.411280235,-0.40649623,0,-0.436698199,0,-0.24701208,-0.293717176,0.112599901,-0.315624759,6.509303595,-0.370778481,-0.388479746,-0.428391599,-0.410998068
44,Day1,-0.295180238,-0.048485956,-0.154917494,-0.376271456,-0.116590715,-0.421596936,-0.345443683,-0.411280235,1.129922428,0,-0.48954608,0,-0.281236645,-0.293717176,-0.691168003,-0.374897925,-0.280893508,4.665691771,-0.388479746,-0.428391599,-0.410998068
44,Day2,-0.047981183,-0.188466333,-0.154917494,-0.215900444,-0.144432069,-0.079334382,-0.345443683,-0.411280235,1.531225808,0,-0.177925819,0,0.639715293,-0.293717176,-0.57609494,-0.374897925,-0.04728581,-0.370778481,-0.388479746,-0.428391599,-0.410998068
44,Day3,-0.012667032,-0.300450634,-0.154917494,-0.354888655,-0.144432069,1.116030359,-0.345443683,-0.411280235,3.079110277,0,-0.38567266,0,-0.281236645,-0.293717176,-0.611837331,-0.374897925,-0.265319661,-0.357831257,-0.388479746,-0.428391599,-0.410998068
44,Day4,-0.295180238,-0.314448672,-0.154917494,-0.376271456,-0.144432069,0.837622759,-0.345443683,-0.411280235,-0.40649623,0,0.345085963,0,-0.259457376,-0.293717176,-0.671117393,-0.374897925,2.6314158,-0.370778481,-0.388479746,-0.428391599,-0.351166744
44,Day5,0.658301832,-0.314448672,-0.154917494,-0.130369237,-0.122158986,-0.247911461,-0.345443683,-0.375796226,4.523802447,0,-0.020293348,0,-0.281236645,-0.293717176,-0.184672176,0.357412479,0.949440371,1.286466229,-0.388479746,-0.428391599,0.636050102
44,Day6,-0.259866087,2.443164743,-0.154917494,-0.119677836,-0.144432069,0.757591217,-0.345443683,-0.380231727,5.257614343,0,0.107270501,0,-0.281236645,-0.293717176,0.347104853,-0.340481248,1.338786535,2.982552612,-0.388479746,-0.428391599,-0.403125526
45,Day1,-0.295180238,-0.314448672,0.00831957,-0.376271456,-0.127727257,-0.934990767,-0.345443683,-0.375796226,-0.337701365,0,-0.701848772,0,1.22775555,-0.293717176,-0.705116252,-0.097652471,0.217469582,0.936891173,-0.388479746,3.539883568,-0.373209864
45,Day2,-0.083295334,-0.314448672,-0.122270081,-0.194517642,-0.144432069,-0.854959225,-0.345443683,0.058882884,-0.383564608,0,-0.701848772,0,-0.256346052,-0.293717176,-0.452304222,0.399477307,-0.280893508,-0.370778481,-0.388479746,0.03192832,-0.410998068
45,Day3,-0.295180238,-0.314448672,-0.154917494,-0.071566533,0.278756517,-0.830268643,-0.345443683,-0.11853716,-0.40649623,0,-0.701848772,0,-0.259457376,-0.293717176,-0.684193878,-0.306064571,8.082262099,-0.318989584,-0.388479746,1.307067407,-0.234653113
45,Day4,0.764244284,-0.314448672,-0.154917494,-0.199863343,-0.144432069,-0.964789746,-0.345443683,0.010092372,-0.40649623,0,-0.701848772,0,-0.212787514,-0.293717176,-0.758293955,-0.363425699,-0.280893508,-0.370778481,-0.388479746,-0.327861962,-0.410998068
45,Day5,-0.295180238,-0.314448672,-0.154917494,-0.092949334,0.089435307,-0.965641145,-0.345443683,-0.375796226,-0.349167175,0,-0.701848772,0,3.119440611,-0.293717176,-0.758293955,1.363144261,-0.280893508,-0.370778481,-0.388479746,-0.37019023,-0.410998068
45,Day6,-0.295180238,-0.090480069,-0.154917494,-0.194517642,-0.144432069,-0.965641145,-0.345443683,-0.282650702,-0.40649623,0,-0.701848772,0,12.43785633,-0.293717176,-0.431381847,0.254162448,-0.280893508,-0.370778481,-0.388479746,-0.407227465,-0.410998068
46,Day1,-0.295180238,-0.314448672,-0.154917494,-0.376271456,-0.144432069,-0.253871257,-0.345443683,-0.207247183,0.017738773,0,-0.700937602,0,-0.041664688,-0.260536945,-0.520301941,-0.374897925,-0.280893508,-0.370778481,-0.388479746,-0.251141975,-0.410998068
46,Day2,-0.295180238,-0.314448672,-0.111387611,-0.066220832,-0.144432069,0.686925067,-0.345443683,0.480255491,-0.108385147,0,-0.040339096,0,-0.268791348,0.436247908,-0.692039768,-0.374897925,-0.280893508,-0.370778481,-0.039201138,-0.428391599,-0.410998068
46,Day3,-0.295180238,-0.314448672,-0.152741,-0.376271456,-0.144432069,1.99126893,-0.345443683,-0.2737797,-0.40649623,0,-0.701848772,0,0.235243158,0.124353736,-0.135853301,-0.374897925,-0.280893508,-0.370778481,-0.388479746,-0.428391599,-0.410998068
46,Day4,-0.295180238,-0.314448672,-0.154917494,-0.354888655,-0.122158986,1.491497489,-0.345443683,-0.411280235,-0.40649623,0,-0.640800358,0,-0.191008246,-0.121179974,-0.74347394,-0.158837675,-0.280893508,-0.370778481,0.825872624,-0.428391599,-0.410998068
46,Day5,-0.295180238,-0.314448672,-0.154917494,-0.376271456,-0.144432069,0.593271135,-0.345443683,0.382674467,-0.40649623,0,-0.700937602,0,-0.082111902,1.809909475,-0.72952569,-0.374897925,-0.280893508,0.561421668,-0.388479746,-0.274951626,-0.410998068
46,Day6,-0.295180238,-0.314448672,-0.154917494,-0.376271456,-0.144432069,1.703495937,-0.345443683,1.127838655,1.336307023,0,-0.279065728,0,-0.281236645,0.057993273,0.62258279,6.848780159,-0.280893508,-0.370778481,0.840087451,-0.428391599,-0.358252033
