Person,Day,Calculator-Bin1,Calculator-Bin2,Calendar-Bin1,Calendar-Bin2,Camera-Bin1,Camera-Bin2,Clock-Bin1,Clock-Bin2,Contacts-Bin1,Contacts-Bin2,Facebook-Bin1,Facebook-Bin2,Gallery-Bin1,Gallery-Bin2,Gmail-Bin1,Gmail-Bin2,Google Play Store-Bin1,Google Play Store-Bin2,Google Search-Bin1,Google Search-Bin2,Instagram-Bin1,Instagram-Bin2,Internet-Bin1,Internet-Bin2,Maps-Bin1,Maps-Bin2,Messaging-Bin1,Messaging-Bin2,Messenger-Bin1,Messenger-Bin2,Phone-Bin1,Phone-Bin2,Photos-Bin1,Photos-Bin2,Settings-Bin1,Settings-Bin2,Twitter-Bin1,Twitter-Bin2,WhatsApp-Bin1,WhatsApp-Bin2,YouTube-Bin1,YouTube-Bin2
1,Day1,-0.13324338802436272,0.33444160770017123,-0.1463400407717778,-0.31854918509289853,-0.30607034481742385,-0.4320904662917301,0.181529887107403,-0.2950402953672018,-0.10724346437223309,-0.3732923210279274,-0.6630272021672844,-0.24225318435320403,-0.18890036928292148,-0.2918843639991063,-0.2300578738074906,-0.17191917521671207,-0.18934153807769524,-0.27365434559854473,0,0,-0.5247964544130055,-0.6767309803877868,0,0,-0.22646034606617435,-0.08528800982583128,-0.19085916955087312,2.4553200006264593,-0.5533098458775274,-0.4511822419189042,-0.20149652894336198,5.131715255910718,-0.21264956729048046,-0.29027187967015783,-0.2505240872509258,-0.2060956666636989,-0.050448320108959596,0.08184356154234314,-0.3438507064004653,-0.35492806144663147,-0.3204963184941043,-0.22284518713320717
1,Day2,-0.13324338802436272,-0.30690888454809906,-0.1463400407717778,-0.31854918509289853,-0.30607034481742385,-0.4320904662917301,-0.27642050991354544,-0.06276205090316223,-0.10724346437223309,-0.3732923210279274,-0.6630272021672844,0.17450481670967982,-0.18890036928292148,-0.2918843639991063,-0.2300578738074906,-0.5529639143164395,-0.18934153807769524,-0.27365434559854473,0,0,-0.5247964544130055,-0.6734009755635713,0,0,-0.22646034606617435,-0.3099753298291767,-0.19085916955087312,0.17506634591947726,-0.5533098458775274,-0.5734231641715863,-0.20149652894336198,-0.4295486848351303,-0.21264956729048046,-0.29027187967015783,-0.2505240872509258,-0.44209796003569485,-0.2688905491294645,0.4348296438977299,-0.3438507064004653,-0.35492806144663147,-0.3204963184941043,-0.3821831843130146
2,Day1,-0.13324338802436272,-0.30690888454809906,-0.1463400407717778,-0.31854918509289853,-0.30607034481742385,-0.4320904662917301,-0.27642050991354544,-0.2950402953672018,-0.10724346437223309,-0.3732923210279274,0.06270674121797265,1.012743289102449,-0.18890036928292148,7.51850158987527,-0.2300578738074906,-0.29893408824995454,-0.18934153807769524,-0.27365434559854473,0,0,1.8040351211669976,2.9085742136841946,0,0,-0.22646034606617435,-0.3099753298291767,-0.19085916955087312,-0.30887237936006207,0.3936384038322538,2.2987161116628,-0.20149652894336198,-0.4295486848351303,-0.21264956729048046,-0.29027187967015783,-0.2505240872509258,-0.44209796003569485,-0.2688905491294645,-0.4058700331624278,-0.3438507064004653,-0.22473419452652085,-0.3204963184941043,1.3058037233105706
2,Day2,-0.13324338802436272,-0.30690888454809906,-0.1463400407717778,-0.31854918509289853,-0.30607034481742385,-0.4320904662917301,-0.27642050991354544,-0.20212899758158598,-0.10724346437223309,-0.3732923210279274,-0.6630272021672844,-0.022658316937633514,-0.18890036928292148,2.572132262801906,-0.2300578738074906,-0.5529639143164395,-0.18934153807769524,-0.27365434559854473,0,0,-0.11552159830859902,0.18130026265173077,0,0,-0.22646034606617435,-0.3099753298291767,-0.19085916955087312,-0.30887237936006207,1.3874652797652915,2.8900696329877413,-0.20149652894336198,-0.4295486848351303,-0.21264956729048046,-0.29027187967015783,-0.2505240872509258,-0.44209796003569485,-0.2688905491294645,-0.4058700331624278,-0.3438507064004653,-0.35492806144663147,-0.3204963184941043,2.5107973269828645
3,Day1,-0.13324338802436272,-0.30690888454809906,-0.1463400407717778,-0.31854918509289853,-0.30607034481742385,0.3265496268831092,0.35480841570992405,-0.2950402953672018,-0.10724346437223309,-0.3732923210279274,-0.24271796854647915,0.10248714513790667,-0.18890036928292148,-0.2918843639991063,7.635024129838999,0.8804901042015829,-0.18934153807769524,1.4346623975162751,0,0,0.6127186386095703,-0.35705051726310233,0,0,-0.22646034606617435,-0.3099753298291767,-0.19085916955087312,-0.30887237936006207,4.720535604238829,-0.15759506967100945,-0.20149652894336198,3.833146010863464,-0.21264956729048046,-0.29027187967015783,-0.2505240872509258,0.9739158001962807,-0.2688905491294645,-0.4058700331624278,-0.2703088664116506,0.8403239668060505,-0.11081941764757983,0.19375728465983108
3,Day2,-0.13324338802436272,-0.30690888454809906,-0.1463400407717778,-0.31854918509289853,-0.30607034481742385,-0.4148486459923019,-0.028879754767086825,0.8663509269529962,-0.10724346437223309,-0.3732923210279274,-0.07879736743436512,0.30319213148547114,-0.18890036928292148,-0.2918843639991063,0.077260815191721,1.1889548929966005,-0.18934153807769524,-0.27365434559854473,0,0,-0.5247964544130055,-0.14615021172945636,0,0,-0.22646034606617435,-0.3099753298291767,-0.19085916955087312,-0.30887237936006207,-0.11030682806775355,-0.030130176381887894,-0.20149652894336198,-0.4295486848351303,-0.21264956729048046,-0.29027187967015783,0.17163565126552788,-0.44209796003569485,-0.2688905491294645,-0.4058700331624278,0.11470429588273243,-0.22654244267818907,-0.3204963184941043,3.3622597494124604
4,Day1,-0.13324338802436272,-0.30690888454809906,-0.1463400407717778,-0.31854918509289853,-0.30607034481742385,-0.018286779105454145,0.3919395289818928,-0.2950402953672018,-0.10724346437223309,-0.3732923210279274,-0.4360602160120496,-0.5338657233405477,-0.18890036928292148,-0.04800521892216419,-0.2300578738074906,-0.5529639143164395,-0.18934153807769524,-0.2157453034590593,0,0,-0.3480204602270647,-0.26603038540121304,0,0,-0.22646034606617435,-0.2626727361442619,-0.19085916955087312,-0.30887237936006207,-0.3798589288514784,-0.6099909614266622,-0.20149652894336198,-0.4295486848351303,-0.21264956729048046,-0.29027187967015783,-0.2505240872509258,-0.44209796003569485,-0.2688905491294645,-0.4058700331624278,0.4694355240640741,0.12244945059377403,-0.3204963184941043,-0.3821831843130146
4,Day2,-0.13324338802436272,-0.30690888454809906,-0.1463400407717778,-0.31854918509289853,-0.24606843563539424,-0.2682931734471625,0.1443987738354342,-0.14405943646557606,-0.10724346437223309,-0.3732923210279274,-0.25532724555510333,1.0670516971729664,-0.18890036928292148,0.0020212723756700846,-0.2300578738074906,-0.5529639143164395,-0.18934153807769524,-0.27365434559854473,0,0,0.38982716767947095,-0.6645209626989967,0,0,-0.22646034606617435,-0.3099753298291767,-0.19085916955087312,-0.30887237936006207,-0.0587403392221714,-0.47625730289381335,-0.20149652894336198,-0.18677269554368717,-0.21264956729048046,-0.29027187967015783,-0.2505240872509258,-0.44209796003569485,-0.2688905491294645,-0.4058700331624278,0.919338545172117,0.008529817038677265,-0.3204963184941043,-0.37222455948927663
5,Day1,-0.13324338802436272,0.5749480422932727,-0.05464596459199299,-0.17375410095976285,-0.30607034481742385,-0.25105135314773436,0.23103803813669474,0.5411613847033407,-0.10724346437223309,-0.3732923210279274,0.7450087304624131,-0.0627993142071464,-0.10298396855240435,2.3532663633738813,-0.2300578738074906,-0.5529639143164395,-0.18934153807769524,-0.27365434559854473,0,0,-0.10975716371557921,0.0703001018445487,0,0,-0.22646034606617435,-0.3099753298291767,-0.19085916955087312,-0.30887237936006207,-0.5533098458775274,-0.5462585147821014,-0.20149652894336198,-0.4295486848351303,-0.21264956729048046,-0.29027187967015783,-0.2505240872509258,-0.3991884521498774,-0.2688905491294645,-0.4058700331624278,-0.3438507064004653,-0.35492806144663147,0.42813881340158527,-0.3805234135090583
5,Day2,-0.13324338802436272,-0.30690888454809906,-0.1463400407717778,-0.31854918509289853,0.533956383730991,-0.2941559038963048,-0.27642050991354544,0.06499098355205955,-0.10724346437223309,-0.3732923210279274,-0.6560220482736043,1.7836865601904466,0.9566516404573067,-0.01673866186101777,-0.2300578738074906,-0.5529639143164395,-0.18934153807769524,-0.27365434559854473,0,0,-0.5247964544130055,0.1024901484786315,0,0,-0.22646034606617435,-0.0557238887727595,-0.19085916955087312,-0.30887237936006207,-0.5533098458775274,-0.5253626306363438,-0.20149652894336198,-0.07385363075696944,-0.21264956729048046,-0.29027187967015783,-0.2505240872509258,-0.37773369820696867,-0.2688905491294645,-0.4058700331624278,-0.3438507064004653,-0.35492806144663147,-0.3204963184941043,0.04271814149980527
6,Day1,-0.13324338802436272,-0.30690888454809906,-0.1463400407717778,-0.31854918509289853,-0.30607034481742385,-0.4320904662917301,-0.27642050991354544,-0.2950402953672018,-0.10724346437223309,4.3230752155352254,-0.6630272021672844,-0.6141477178795735,-0.18890036928292148,-0.2918843639991063,-0.2300578738074906,-0.5529639143164395,-0.18934153807769524,-0.27365434559854473,0,0,-0.5247964544130055,-0.6767309803877868,0,0,-0.22646034606617435,-0.3099753298291767,-0.19085916955087312,0.08484048188430891,-0.5533098458775274,-0.5619304278914197,-0.20149652894336198,-0.4295486848351303,-0.21264956729048046,-0.29027187967015783,-0.2505240872509258,-0.44209796003569485,-0.2688905491294645,-0.4058700331624278,-0.3438507064004653,-0.35492806144663147,-0.3204963184941043,-0.3821831843130146
6,Day2,-0.13324338802436272,-0.30690888454809906,-0.1463400407717778,-0.1447950841331357,-0.30607034481742385,-0.4320904662917301,-0.27642050991354544,-0.2950402953672018,0.07328475428708903,0.24170818971248553,-0.5299292781873628,-0.5055309017385385,-0.18890036928292148,-0.2918843639991063,-0.2300578738074906,-0.5529639143164395,-0.18934153807769524,-0.27365434559854473,0,0,-0.5247964544130055,-0.6767309803877868,0,0,-0.22646034606617435,-0.3099753298291767,0.15133479034466868,3.513423315220706,-0.492367631787294,-0.6267076687432683,-0.20149652894336198,-0.4295486848351303,-0.21264956729048046,-0.29027187967015783,-0.2505240872509258,-0.44209796003569485,-0.2688905491294645,-0.4058700331624278,-0.3438507064004653,-0.35492806144663147,-0.3204963184941043,-0.3821831843130146
6,Day3,-0.13324338802436272,-0.30690888454809906,-0.1463400407717778,-0.31854918509289853,-0.30607034481742385,-0.4320904662917301,-0.22691235888425373,-0.2950402953672018,-0.10724346437223309,-0.3732923210279274,-0.5551478322046111,-0.9399981663026782,-0.18890036928292148,-0.2918843639991063,-0.2300578738074906,-0.5529639143164395,-0.18934153807769524,-0.27365434559854473,0,0,-0.5247964544130055,-0.6767309803877868,0,0,-0.22646034606617435,-0.3099753298291767,-0.19085916955087312,-0.30887237936006207,-0.3915785854072925,-0.6267076687432683,-0.20149652894336198,-0.4295486848351303,-0.21264956729048046,-0.29027187967015783,-0.2505240872509258,-0.44209796003569485,-0.2688905491294645,-0.4058700331624278,-0.3438507064004653,-0.35492806144663147,-0.3204963184941043,-0.3821831843130146
6,Day4,-0.13324338802436272,-0.30690888454809906,-0.1463400407717778,-0.31854918509289853,-0.30607034481742385,-0.4320904662917301,-0.27642050991354544,-0.2950402953672018,-0.05615057229884004,-0.3732923210279274,-0.5131169088425306,-0.9399981663026782,-0.18890036928292148,-0.2918843639991063,-0.2300578738074906,-0.5529639143164395,-0.18934153807769524,-0.27365434559854473,0,0,-0.5247964544130055,-0.6767309803877868,0,0,-0.22646034606617435,-0.3099753298291767,-0.19085916955087312,-0.30887237936006207,-0.5533098458775274,-0.6267076687432683,-0.20149652894336198,-0.4295486848351303,-0.21264956729048046,-0.29027187967015783,-0.2505240872509258,-0.44209796003569485,-0.2688905491294645,-0.4058700331624278,-0.3438507064004653,-0.35492806144663147,-0.3204963184941043,-0.3821831843130146
7,Day1,-0.13324338802436272,-0.30690888454809906,-0.1463400407717778,-0.31854918509289853,-0.30607034481742385,-0.4320904662917301,-0.27642050991354544,-0.2950402953672018,-0.10724346437223309,0.7448904257728234,-0.10681798300908546,0.20756210857869042,-0.18890036928292148,-0.2543644955257306,-0.2300578738074906,-0.5529639143164395,-0.18934153807769524,-0.2543513315520496,0,0,-0.43256550092468854,-0.35816051887117417,0,0,-0.22646034606617435,0.021142825965227097,-0.19085916955087312,-0.30887237936006207,-0.5533098458775274,-0.6267076687432683,-0.20149652894336198,0.061649246987091844,-0.21264956729048046,-0.29027187967015783,-0.2505240872509258,-0.44209796003569485,-0.2688905491294645,-0.03132754883113962,-0.3438507064004653,0.9126538928727785,-0.3204963184941043,-0.3821831843130146
7,Day2,-0.13324338802436272,-0.30690888454809906,-0.1463400407717778,-0.31854918509289853,-0.30607034481742385,-0.4320904662917301,-0.27642050991354544,-0.2950402953672018,-0.10383727156734023,-0.3732923210279274,0.1369613724909816,0.18394975724368284,-0.18890036928292148,-0.2918843639991063,-0.2300578738074906,-0.5529639143164395,-0.18934153807769524,-0.27365434559854473,0,0,-0.2615539413317675,-0.3870205606810415,0,0,-0.14205724296762842,-0.29223685719733367,-0.19085916955087312,-0.30887237936006207,-0.5533098458775274,-0.6267076687432683,-0.20149652894336198,-0.4295486848351303,-0.21264956729048046,-0.29027187967015783,-0.2505240872509258,-0.44209796003569485,-0.13319158867733266,-0.39778638242146475,0.6597791099174768,0.7408703184642993,-0.3204963184941043,-0.3821831843130146
8,Day1,-0.13324338802436272,2.338661895976016,0.7935242400710169,-0.26063115143964427,-0.30607034481742385,-0.4320904662917301,-0.27642050991354544,-0.2950402953672018,-0.10724346437223309,-0.3732923210279274,0.4830159748387779,1.1780297484475022,-0.18890036928292148,-0.2918843639991063,-0.2300578738074906,-0.5529639143164395,1.9635279899265146,-0.26400283857529716,0,0,-0.5247964544130055,-0.6767309803877868,0,0,-0.22646034606617435,-0.2744983845654906,-0.19085916955087312,-0.30887237936006207,-0.5533098458775274,0.06390130227402145,-0.20149652894336198,-0.4295486848351303,-0.21264956729048046,-0.29027187967015783,-0.039444217992698954,-0.35627894426406,1.1046477091055282,0.6288372616808432,-0.3438507064004653,-0.35492806144663147,-0.3204963184941043,-0.3821831843130146
8,Day2,-0.13324338802436272,-0.30690888454809906,-0.05464596459199299,-0.05791803365325428,-0.30607034481742385,-0.42346955614201603,-0.27642050991354544,-0.2950402953672018,-0.10724346437223309,-0.3732923210279274,0.02487891019210018,1.134346898477738,-0.18890036928292148,-0.2918843639991063,-0.11623613714111594,-0.5529639143164395,-0.18934153807769524,-0.27365434559854473,0,0,-0.5247964544130055,-0.6767309803877868,0,0,1.419400164355471,0.7425073796601782,-0.19085916955087312,-0.30887237936006207,-0.3775149975403156,-0.4229727983221314,-0.20149652894336198,-0.4295486848351303,-0.21264956729048046,-0.29027187967015783,-0.2505240872509258,-0.44209796003569485,-0.2688905491294645,3.3638057623733433,-0.3438507064004653,-0.35492806144663147,-0.2880111648418259,-0.3772038719011456
9,Day1,-0.13324338802436272,-0.30690888454809906,-0.1463400407717778,1.1873196898917127,1.6439917035985392,0.9472551576625231,-0.04125679252440976,-0.12083161201917211,-0.09021250034776875,0.185799052372448,5.7074597487453875,0.6644611069110872,-0.18890036928292148,0.13334081203248505,0.060187554691764796,-0.09933922491200206,-0.11510465780168799,-0.20609379643581174,0,0,2.0211621575040772,1.4722321328392585,0,0,1.0079350367500597,-0.11485213087890304,-0.19085916955087312,-0.30887237936006207,-0.48064797523147984,-0.6089461672193743,-0.03668617953528164,-0.04562386456029001,-0.21264956729048046,-0.29027187967015783,-0.2505240872509258,-0.44209796003569485,-0.2688905491294645,-0.4058700331624278,0.5992152416913941,-0.3223795947166038,-0.3204963184941043,-0.3821831843130146
9,Day2,-0.13324338802436272,-0.30690888454809906,-0.1463400407717778,3.156532834102358,-0.30607034481742385,-0.3372604546448752,-0.016502717009763895,-0.2950402953672018,-0.10724346437223309,2.254437133953837,-0.6574230790523403,0.21346519641244233,-0.18890036928292148,-0.22309793846458414,-0.2300578738074906,-0.31707907582613204,-0.18934153807769524,-0.27365434559854473,0,0,0.9893283653535312,0.2889704186346974,0,0,0.21665594520119175,0.5532970049205189,-0.19085916955087312,-0.30887237936006207,-0.5533098458775274,-0.35715076326299483,-0.20149652894336198,4.262238457052992,-0.21264956729048046,-0.29027187967015783,-0.2505240872509258,-0.3991884521498774,-0.2688905491294645,-0.4058700331624278,-0.3438507064004653,-0.11623930542642871,-0.3204963184941043,-0.3821831843130146
10,Day1,-0.13324338802436272,-0.30690888454809906,-0.1463400407717778,-0.31854918509289853,-0.30607034481742385,-0.4320904662917301,-0.27642050991354544,-0.2950402953672018,-0.10724346437223309,-0.3732923210279274,-0.6630272021672844,-0.9399981663026782,-0.18890036928292148,-0.2918843639991063,-0.05363418197460987,0.9530700545062929,0.03336910275032648,-0.27365434559854473,0,0,-0.5247964544130055,-0.6767309803877868,0,0,-0.22646034606617435,-0.3099753298291767,-0.19085916955087312,-0.30887237936006207,-0.5533098458775274,-0.6267076687432683,-0.20149652894336198,-0.4295486848351303,-0.21264956729048046,-0.29027187967015783,-0.2505240872509258,-0.44209796003569485,-0.2688905491294645,-0.4058700331624278,-0.3438507064004653,-0.3006806168965854,5.218222379219371,0.9423139172441348
10,Day2,-0.13324338802436272,-0.30690888454809906,-0.1463400407717778,0.0,-0.30607034481742385,-0.35450227494430336,0.008251358504881968,-0.23697073425119192,-0.10724346437223309,-0.3732923210279274,-0.6630272021672844,-0.9399981663026782,-0.18890036928292148,-0.2918843639991063,-0.2300578738074906,-0.5529639143164395,-0.18934153807769524,-0.27365434559854473,0,0,-0.5247964544130055,-0.6767309803877868,0,0,-0.22646034606617435,-0.3099753298291767,-0.19085916955087312,-0.30887237936006207,-0.5533098458775274,-0.6267076687432683,-0.20149652894336198,-0.4295486848351303,-0.21264956729048046,-0.29027187967015783,-0.2505240872509258,-0.44209796003569485,-0.2688905491294645,-0.4058700331624278,-0.3438507064004653,0.48590732907908274,0.13134263685122313,0.18047911822818047
11,Day1,-0.13324338802436272,3.7015316920035906,-0.1463400407717778,-0.31854918509289853,-0.30607034481742385,-0.4320904662917301,-0.20215828336960787,-0.21374290980478794,-0.10724346437223309,-0.3732923210279274,-0.6630272021672844,1.881677818230728,-0.18890036928292148,-0.2918843639991063,-0.2300578738074906,-0.5529639143164395,-0.18934153807769524,-0.27365434559854473,0,0,-0.5247964544130055,-0.6767309803877868,0,0,-0.22646034606617435,-0.3099753298291767,-0.19085916955087312,4.1860161198465065,-0.5204948075212479,0.36480203397293137,-0.20149652894336198,-0.4295486848351303,-0.21264956729048046,-0.29027187967015783,-0.2505240872509258,-0.44209796003569485,5.72503182596348,4.711080885867186,-0.3438507064004653,-0.35492806144663147,-0.3204963184941043,6.152334470863047
11,Day2,-0.13324338802436272,-0.30690888454809906,-0.1463400407717778,-0.31854918509289853,-0.30607034481742385,-0.39760682569287376,-0.23928939664157667,-0.2950402953672018,-0.10724346437223309,-0.3732923210279274,-0.4528725853568818,0.9525317931981797,-0.18890036928292148,-0.2918843639991063,-0.2300578738074906,0.06396566327359544,-0.18934153807769524,-0.27365434559854473,0,0,-0.5247964544130055,-0.6767309803877868,0,0,-0.22646034606617435,-0.3099753298291767,-0.19085916955087312,5.2605241369926015,-0.3118849208277565,5.482204061268976,-0.20149652894336198,-0.4295486848351303,-0.21264956729048046,-0.29027187967015783,-0.2505240872509258,-0.44209796003569485,0.46255994501495334,2.1620363522168358,-0.3438507064004653,-0.35492806144663147,3.9276758204879454,1.637757884101836
12,Day1,-0.13324338802436272,-0.30690888454809906,-0.1463400407717778,-0.31854918509289853,-0.30607034481742385,-0.4320904662917301,-0.22691235888425373,-0.20212899758158598,-0.10724346437223309,1.2480726618331615,-0.6630272021672844,-0.6601918029828383,-0.18890036928292148,-0.2918843639991063,-0.2300578738074906,-0.4078040137070196,-0.18934153807769524,-0.27365434559854473,0,0,1.2468064438417494,1.517742198770203,0,0,-0.22646034606617435,-0.3099753298291767,-0.19085916955087312,-0.30887237936006207,-0.3400120965617104,-0.41983841570026775,-0.20149652894336198,-0.32792152652708434,-0.21264956729048046,-0.29027187967015783,1.596424768758559,0.8022777686530109,-0.2688905491294645,-0.4058700331624278,-0.3438507064004653,-0.35492806144663147,-0.3204963184941043,-0.378863642705102
12,Day2,-0.13324338802436272,-0.30690888454809906,-0.1463400407717778,-0.31854918509289853,-0.21606748104437942,-0.31139772419573297,-0.20215828336960787,0.04176315910565559,0.03581663343326746,-0.3732923210279274,0.23783558855997483,-0.8077689988266357,-0.18890036928292148,-0.19183138140343772,-0.2300578738074906,-0.5529639143164395,-0.18934153807769524,-0.27365434559854473,0,0,0.41672786244689675,0.7462910811602876,0,0,-0.22646034606617435,-0.3099753298291767,-0.19085916955087312,-0.30887237936006207,-0.39392251671845535,-0.27252243247267643,-0.20149652894336198,-0.3843810589204432,-0.21264956729048046,-0.29027187967015783,-0.2505240872509258,0.20154465825156678,-0.2688905491294645,-0.4058700331624278,-0.3438507064004653,-0.35492806144663147,-0.3204963184941043,-0.3821831843130146
13,Day1,-0.13324338802436272,-0.30690888454809906,-0.1463400407717778,-0.31854918509289853,-0.30607034481742385,1.4386470361962258,-0.27642050991354544,-0.08598987534956617,-0.07658772912819727,1.0803452498130488,1.528184935775847,-0.8561743190634012,8.460017304255802,1.6841620422653476,-0.2300578738074906,-0.5529639143164395,-0.18934153807769524,-0.27365434559854473,0,0,0.3610049947143719,-0.05846008469178252,0,0,-0.22646034606617435,-0.2744983845654906,-0.19085916955087312,-0.30887237936006207,3.1477576944485732,-0.27147763826538857,-0.07941478864108024,0.5302633658519704,-0.21264956729048046,-0.29027187967015783,0.013325749321857759,-0.44209796003569485,2.3160091609465097,0.07645446104836777,0.27909193821067124,-0.2428166760432029,-0.3204963184941043,-0.3821831843130146
13,Day2,-0.13324338802436272,0.8956232884174078,0.4725949734417698,-0.31854918509289853,-0.30607034481742385,1.2834706535013722,0.0206283962622049,-0.1324455242423741,-0.10724346437223309,-0.3732923210279274,0.01927478707715611,1.0363556404374565,-0.18890036928292148,0.13334081203248505,-0.2300578738074906,-0.5529639143164395,-0.18934153807769524,-0.06132119108709819,0,0,-0.25386802854107443,-0.11840017152766084,0,0,0.026748963229463428,-0.043898240351530796,-0.19085916955087312,-0.30887237936006207,2.3344135294750727,0.9739170568217663,-0.1892883549131338,-0.4295486848351303,-0.21264956729048046,-0.29027187967015783,-0.2505240872509258,-0.034457635120429146,0.41953344535939935,1.289002072192826,-0.3438507064004653,-0.35492806144663147,-0.3204963184941043,0.11242851526597103
14,Day1,-0.08171567156181621,-0.30690888454809906,-0.1463400407717778,-0.31854918509289853,-0.30607034481742385,-0.0872540603031668,-0.27642050991354544,-0.2950402953672018,-0.10724346437223309,-0.3732923210279274,0.7814355307095496,-0.6897072421515977,-0.18890036928292148,-0.2918843639991063,1.3691375263550734,0.02767568812124044,-0.18934153807769524,-0.27365434559854473,0,0,-0.31919828726196564,-0.13727019886488181,0,0,-0.22646034606617435,0.08027106807137063,1.1481606735186383,1.6432872243099441,3.363399375075553,1.6049727580236468,-0.20149652894336198,-0.4295486848351303,-0.21264956729048046,0.5281105963730456,-0.2505240872509258,0.22299941219447553,-0.2688905491294645,-0.4058700331624278,-0.3438507064004653,-0.35492806144663147,-0.2673387943358305,-0.34400845582201905
14,Day2,-0.13324338802436272,0.013766361576036105,-0.1463400407717778,-0.31854918509289853,3.9840661616976942,-0.018286779105454145,-0.27642050991354544,1.8303056414787602,-0.10724346437223309,-0.3732923210279274,0.9481581933791356,-0.49254410850428443,-0.18890036928292148,-0.2918843639991063,5.546395262011024,3.2030485139523033,-0.18934153807769524,0.12205744235460564,0,0,1.4773838275625417,0.11137016134320607,0,0,-0.22646034606617435,-0.3099753298291767,-0.19085916955087312,-0.2514559204285913,-0.19468835526961523,-0.2119243684499793,-0.20149652894336198,-0.4295486848351303,4.599306355396963,0.06046346720550075,-0.2505240872509258,-0.44209796003569485,-0.2688905491294645,-0.4058700331624278,-0.3438507064004653,-0.35492806144663147,-0.3204963184941043,-0.3821831843130146
15,Day1,0.8457832247640212,-0.30690888454809906,-0.1463400407717778,-0.31854918509289853,-0.30607034481742385,4.499070139344725,-0.12789605682567026,-0.16728726091198004,-0.06296295790862579,-0.3732923210279274,1.0406262247757128,-0.4087202612650075,-0.18890036928292148,3.5038756632240693,-0.2300578738074906,-0.5529639143164395,-0.18934153807769524,-0.27365434559854473,0,0,5.2876750935486365,0.823991193725315,0,0,1.1450900792851968,2.4513135765277263,-0.19085916955087312,-0.30887237936006207,0.14283775353783154,-0.14505753918355488,-0.14655974580733522,-0.4295486848351303,-0.21264956729048046,-0.29027187967015783,-0.2505240872509258,0.6735492449955587,-0.2688905491294645,-0.4058700331624278,2.3901753449484118,-0.2337754352848619,-0.3204963184941043,-0.3821831843130146
15,Day2,-0.13324338802436272,3.140350011286354,0.22043626394736152,-0.31854918509289853,-0.30607034481742385,5.240468412220136,0.5775950953417368,-0.03953422645675826,-0.10724346437223309,-0.3732923210279274,-0.1264324139113897,-0.17377736548168204,4.307391268947475,0.02078120661235794,-0.2300578738074906,-0.5529639143164395,-0.18934153807769524,-0.27365434559854473,0,0,1.450483132795116,2.726533949960416,0,0,-0.22646034606617435,0.08618389228198499,-0.19085916955087312,-0.30887237936006207,-0.3892346540961297,-0.26520887302166124,-0.20149652894336198,-0.4295486848351303,-0.21264956729048046,-0.29027187967015783,-0.2505240872509258,-0.44209796003569485,-0.050448320108959596,-0.4058700331624278,0.23583203233489786,-0.24462492419487109,-0.3204963184941043,-0.3821831843130146
16,Day1,-0.13324338802436272,-0.30690888454809906,-0.1463400407717778,-0.31854918509289853,-0.30607034481742385,-0.4148486459923019,-0.12789605682567026,-0.1324455242423741,-0.10724346437223309,0.9126178377929361,-0.5831684477793314,1.6597217156816568,-0.18890036928292148,-0.2918843639991063,-0.2300578738074906,-0.5529639143164395,-0.11510465780168799,-0.27365434559854473,0,0,-0.5171105416223124,-0.15947023102631822,0,0,-0.22646034606617435,-0.3099753298291767,-0.19085916955087312,-0.30887237936006207,0.5014592441457437,1.0867548312088575,-0.20149652894336198,1.8909380965319191,-0.21264956729048046,-0.29027187967015783,-0.2505240872509258,1.3171918632828203,-0.2688905491294645,-0.4058700331624278,0.6641051005050541,-0.2536661649532121,-0.3204963184941043,-0.3821831843130146
16,Day2,-0.13324338802436272,-0.30690888454809906,-0.1463400407717778,0.02895901682662714,-0.2760693902264091,-0.3803650053934456,-0.07838790579637855,-0.178901173135182,-0.10724346437223309,0.185799052372448,1.6528766750833526,1.408250173963826,-0.18890036928292148,-0.05425853033439348,-0.2300578738074906,-0.5529639143164395,-0.18934153807769524,-0.27365434559854473,0,0,-0.3768426331921637,-0.5890408533501129,0,0,-0.22646034606617435,2.7055650175841435,-0.19085916955087312,-0.30887237936006207,2.3344135294750727,3.5535139546155463,-0.20149652894336198,1.0666289235888797,-0.21264956729048046,-0.29027187967015783,-0.19775411993636907,-0.44209796003569485,-0.2688905491294645,-0.4058700331624278,3.2467214812887244,0.40272791410234543,-0.3204963184941043,-0.3821831843130146
17,Day1,-0.13324338802436272,-0.30690888454809906,-0.1463400407717778,-0.31854918509289853,-0.2760693902264091,-0.32001863434544703,-0.20215828336960787,-0.2950402953672018,-0.10724346437223309,-0.3732923210279274,-0.23851487621027112,-0.3496893829274885,-0.18890036928292148,-0.2918843639991063,-0.2300578738074906,2.4772490109052034,-0.18934153807769524,-0.27365434559854473,0,0,0.7376147214583328,0.694121005580912,0,0,-0.2159099581788561,0.29904556386410175,-0.19085916955087312,-0.30887237936006207,-0.3071970582054308,-0.497153187039571,-0.20149652894336198,-0.4295486848351303,-0.21264956729048046,-0.29027187967015783,-0.2505240872509258,-0.44209796003569485,-0.2688905491294645,-0.4058700331624278,-0.3438507064004653,-0.35492806144663147,1.0202545686090243,-0.3821831843130146
17,Day2,-0.13324338802436272,-0.30690888454809906,-0.1463400407717778,-0.31854918509289853,-0.30607034481742385,-0.40622773584258787,0.10726766056346541,-0.2950402953672018,-0.10724346437223309,0.018071640352335383,-0.5887725708942755,0.01866329789862976,-0.18890036928292148,-0.2918843639991063,-0.2300578738074906,-0.04490426218346956,-0.18934153807769524,-0.27365434559854473,0,0,1.3255870499463533,1.4422620894213194,0,0,-0.22646034606617435,-0.2626727361442619,-0.19085916955087312,-0.30887237936006207,-0.15952938560217286,-0.35819555747028275,-0.1892883549131338,0.3891145348685733,-0.21264956729048046,-0.29027187967015783,-0.2505240872509258,-0.44209796003569485,-0.2688905491294645,-0.4058700331624278,-0.3438507064004653,-0.35492806144663147,-0.3204963184941043,-0.3821831843130146
18,Day1,-0.13324338802436272,-0.30690888454809906,-0.1463400407717778,-0.31854918509289853,-0.30607034481742385,-0.4320904662917301,5.367508707425712,-0.016306402010354305,-0.10724346437223309,-0.3732923210279274,-0.6630272021672844,-0.9293726082019247,-0.18890036928292148,-0.2918843639991063,-0.09916287664115973,0.10025563842595045,-0.18934153807769524,-0.23504831750555444,0,0,-0.5247964544130055,-0.6767309803877868,0,0,-0.22646034606617435,-0.3099753298291767,-0.19085916955087312,-0.30887237936006207,-0.5533098458775274,-0.4856604507594043,-0.20149652894336198,-0.4295486848351303,-0.21264956729048046,-0.29027187967015783,-0.2505240872509258,-0.3991884521498774,-0.2688905491294645,-0.4058700331624278,-0.3438507064004653,-0.35492806144663147,-0.3204963184941043,-0.3821831843130146
18,Day2,-0.13324338802436272,-0.30690888454809906,-0.1463400407717778,-0.31854918509289853,-0.30607034481742385,-0.4320904662917301,0.6642343596429974,8.159887803123839,-0.083400114737983,0.5212538764126733,-0.6588241098310763,-0.9399981663026782,-0.18890036928292148,-0.2918843639991063,0.20246472552473313,-0.44409398885937457,-0.18934153807769524,-0.2543513315520496,0,0,-0.5247964544130055,-0.6767309803877868,0,0,-0.22646034606617435,-0.30406250561856235,-0.19085916955087312,-0.30887237936006207,0.2905054261410895,-0.5211834538071922,0.4760571297343017,1.5917025748471172,-0.21264956729048046,-0.29027187967015783,-0.2505240872509258,-0.3991884521498774,-0.2688905491294645,-0.4058700331624278,-0.3438507064004653,-0.35492806144663147,-0.3204963184941043,-0.3821831843130146
19,Day1,-0.13324338802436272,0.013766361576036105,-0.1463400407717778,-0.31854918509289853,-0.30607034481742385,5.180122041172138,-0.27642050991354544,0.2972692280160991,-0.10724346437223309,0.4653447390726357,-0.42485196978216144,0.7128664271478528,-0.18890036928292148,-0.2918843639991063,-0.22436678697417187,3.0034536506143508,-0.18934153807769524,-0.27365434559854473,0,0,-0.5151890634246391,3.707775371495906,0,0,-0.17370840662958315,-0.22128296666996142,-0.19085916955087312,-0.30887237936006207,0.3303522584308575,1.171383161999176,-0.16487200685267747,-0.4295486848351303,-0.21264956729048046,2.842963885752392,0.329945553209198,-0.44209796003569485,-0.2688905491294645,-0.4058700331624278,-0.3438507064004653,-0.2608991575598849,-0.3204963184941043,-0.3821831843130146
19,Day2,-0.13324338802436272,2.0981554613829148,-0.1463400407717778,-0.31854918509289853,0.053941110274753894,0.38689599793110774,-0.27642050991354544,0.94764831251541,-0.10724346437223309,0.4094356017325982,-0.2609313686700474,0.20520087344518967,-0.18890036928292148,-0.2918843639991063,1.5398701313546355,-0.5529639143164395,0.9984485463384206,-0.27365434559854473,0,0,5.053254753432498,2.0416629577801024,0,0,-0.22646034606617435,-0.3099753298291767,-0.19085916955087312,-0.30887237936006207,-0.11265075937891637,0.1412160736133247,7.068471106057516,-0.3335674797664202,-0.21264956729048046,0.8086988738735724,7.0317314021579005,-0.12027665089206403,-0.2688905491294645,-0.4058700331624278,-0.3438507064004653,-0.3368455799299494,2.6976697753812204,-0.3821831843130146
20,Day1,-0.13324338802436272,-0.30690888454809906,-0.03172244554704678,-0.31854918509289853,-0.30607034481742385,-0.009665868955740061,0.1320217360781113,-0.27181247092079786,-0.10383727156734023,0.24170818971248553,2.221695171250176,-0.335521972126484,-0.18890036928292148,0.00827458378789937,-0.2300578738074906,-0.5529639143164395,-0.18934153807769524,-0.27365434559854473,0,0,-0.5247964544130055,-0.6767309803877868,0,0,-0.22646034606617435,-0.2744983845654906,-0.19085916955087312,-0.30887237936006207,0.5155228320127206,-0.4219280041148435,-0.20149652894336198,-0.24887818117638194,-0.21264956729048046,-0.29027187967015783,-0.2505240872509258,-0.44209796003569485,-0.2688905491294645,-0.4058700331624278,2.5588889778639277,0.9705178337261611,-0.3204963184941043,-0.3821831843130146
20,Day2,-0.13324338802436272,-0.30690888454809906,-0.1463400407717778,1.9692131442106455,-0.30607034481742385,0.4558632791288204,-0.27642050991354544,-0.27181247092079786,0.029004247823481714,1.3598909365132366,-0.45987773925056186,2.9678459796410768,1.2716784431358694,0.4960328739417836,-0.2300578738074906,-0.5529639143164395,-0.18934153807769524,0.942435539330649,0,0,-0.5247964544130055,-0.6767309803877868,0,0,-0.22646034606617435,-0.25084708772303316,-0.19085916955087312,-0.30887237936006207,0.09127126469224939,0.8986918738970389,-0.20149652894336198,-0.2996917603304049,-0.21264956729048046,-0.29027187967015783,-0.2505240872509258,-0.44209796003569485,-0.2688905491294645,-0.4058700331624278,0.13200825823304177,2.5183782515541426,-0.3204963184941043,-0.3821831843130146
21,Day1,-0.13324338802436272,-0.30690888454809906,-0.1463400407717778,-0.31854918509289853,-0.30607034481742385,-0.10449588060259497,-0.27642050991354544,-0.2950402953672018,-0.10724346437223309,-0.3732923210279274,-0.26793652256372746,-0.4110814963985083,-0.18890036928292148,-0.17932475857897917,-0.22436678697417187,-0.5529639143164395,-0.18934153807769524,-0.27365434559854473,0,0,0.19191491331912416,0.9982614461925909,0,0,-0.22646034606617435,-0.23902143930180447,-0.19085916955087312,-0.30887237936006207,0.8671125286871444,-0.187894101682358,-0.20149652894336198,-0.4295486848351303,-0.21264956729048046,-0.29027187967015783,-0.14498415262181238,0.029906626708297017,1.9122220103328493,3.6197880358371735,-0.3438507064004653,-0.35492806144663147,-0.3204963184941043,-0.0037554410109719052
21,Day2,-0.13324338802436272,-0.30690888454809906,-0.1463400407717778,-0.31854918509289853,-0.30607034481742385,-0.4320904662917301,-0.27642050991354544,-0.22535682202798993,-0.10724346437223309,-0.3732923210279274,0.19020054208295023,-0.2623236829879605,-0.18890036928292148,-0.2918843639991063,-0.2300578738074906,-0.5529639143164395,-0.18934153807769524,-0.26400283857529716,0,0,1.208376879888284,0.9416513641809281,0,0,-0.22646034606617435,-0.3099753298291767,-0.19085916955087312,-0.30887237936006207,-0.3071970582054308,-0.4511822419189042,-0.20149652894336198,-0.4295486848351303,-0.21264956729048046,-0.29027187967015783,-0.2505240872509258,-0.44209796003569485,1.3892845529807316,1.536900694915693,-0.3438507064004653,-0.35492806144663147,-0.31754312270753354,-0.3821831843130146
22,Day1,0.33050606013855593,-0.30690888454809906,-0.1463400407717778,-0.31854918509289853,1.7039936127805686,0.17999415433796975,-0.27642050991354544,-0.2950402953672018,-0.10724346437223309,-0.3732923210279274,0.3527201124163283,0.7046021041806001,1.214400842648858,-0.18557806999120846,0.6292962380236381,-0.28078910067377705,-0.18934153807769524,-0.27365434559854473,0,0,-0.07324907795978708,-0.27713040148193124,0,0,0.29050866041241946,-0.20354449403811836,-0.19085916955087312,-0.30887237936006207,0.1217423717373661,-0.20774519162082777,-0.20149652894336198,-0.4182567783564585,-0.21264956729048046,-0.29027187967015783,-0.2505240872509258,-0.44209796003569485,1.2999218229268887,-0.37892453069255094,1.4254794439186655,-0.14517127585311995,1.8825877382876883,-0.3821831843130146
22,Day2,-0.13324338802436272,-0.30690888454809906,-0.1463400407717778,-0.31854918509289853,5.094101481565242,-0.4320904662917301,-0.27642050991354544,-0.2950402953672018,-0.10724346437223309,-0.3732923210279274,-0.3407901230580004,1.548743664407121,0.04021003266512417,-0.2918843639991063,-0.03656092147465367,-0.5529639143164395,-0.18934153807769524,-0.26400283857529716,0,0,-0.5190320198199857,-0.5191107520415882,0,0,-0.22646034606617435,1.5348258238825017,-0.19085916955087312,-0.30887237936006207,-0.5204948075212479,-0.5086459233197377,-0.20149652894336198,-0.4295486848351303,-0.21264956729048046,-0.29027187967015783,-0.2505240872509258,-0.44209796003569485,0.24411771599444848,0.5156661513073604,-0.3438507064004653,-0.35492806144663147,-0.3204963184941043,-0.3821831843130146
23,Day1,-0.13324338802436272,-0.30690888454809906,-0.1463400407717778,-0.31854918509289853,-0.30607034481742385,-0.09587497045288089,-0.27642050991354544,-0.2950402953672018,-0.10724346437223309,1.4158000738532739,-0.028360259399868484,1.0021177310016955,-0.18890036928292148,-0.2606178069379599,-0.18452917914094075,1.2978248184536654,-0.18934153807769524,-0.27365434559854473,0,0,-0.5247964544130055,0.4532506566293269,0,0,-0.22646034606617435,-0.3099753298291767,-0.19085916955087312,-0.30887237936006207,-0.5392462580105505,-0.4752125086865255,-0.20149652894336198,-0.07949958399630533,-0.21264956729048046,-0.29027187967015783,-0.2505240872509258,-0.44209796003569485,-0.2688905491294645,-0.4058700331624278,-0.3438507064004653,-0.35492806144663147,-0.3204963184941043,-0.3821831843130146
23,Day2,-0.13324338802436272,-0.30690888454809906,-0.1463400407717778,-0.31854918509289853,-0.30607034481742385,0.7058696734705288,-0.27642050991354544,-0.15567334868877805,-0.10724346437223309,0.018071640352335383,-0.3758158925264008,0.18867222751068435,-0.18890036928292148,-0.2918843639991063,-0.2300578738074906,3.0578886133428833,-0.18934153807769524,-0.27365434559854473,0,0,-0.3710781985991439,0.35668051672707846,0,0,-0.22646034606617435,-0.3099753298291767,-0.19085916955087312,-0.30887237936006207,-0.37517106622915275,-0.04580208949120612,-0.20149652894336198,-0.24887818117638194,-0.21264956729048046,-0.29027187967015783,-0.2505240872509258,-0.44209796003569485,-0.2688905491294645,-0.4058700331624278,-0.3438507064004653,-0.35492806144663147,-0.3204963184941043,-0.3821831843130146
24,Day1,0.7942555083014746,-0.30690888454809906,0.08289514967768426,-0.31854918509289853,-0.30607034481742385,-0.4320904662917301,-0.27642050991354544,-0.2950402953672018,9.845651911524733,-0.3732923210279274,1.4217065965919096,0.9761441445331873,-0.18890036928292148,-0.2918843639991063,-0.2300578738074906,-0.49852895158790705,-0.18934153807769524,-0.20609379643581174,0,0,0.7760442854117983,2.237023240800743,0,0,-0.22646034606617435,-0.1444162519319748,-0.19085916955087312,-0.30887237936006207,-0.2790698824714769,1.2048165766323882,-0.20149652894336198,-0.4295486848351303,-0.21264956729048046,-0.29027187967015783,-0.2505240872509258,-0.44209796003569485,0.6280464821516994,2.43688047740958,-0.3438507064004653,-0.35492806144663147,4.729468476541909,1.475100345314116
24,Day2,-0.13324338802436272,0.49477923076223884,-0.1463400407717778,-0.31854918509289853,-0.30607034481742385,-0.4320904662917301,-0.27642050991354544,-0.2950402953672018,-0.10724346437223309,1.303981799173199,0.6301242066060597,1.7577129737219384,-0.18890036928292148,0.00827458378789937,-0.2300578738074906,0.10025563842595045,-0.18934153807769524,1.2705867781210662,0,0,-0.41911515354097567,2.5456036878447095,0,0,-0.22646034606617435,-0.3099753298291767,-0.19085916955087312,-0.30887237936006207,-0.20172014920310372,1.3260127046777825,-0.20149652894336198,-0.2262943682190384,-0.21264956729048046,-0.29027187967015783,-0.2505240872509258,-0.44209796003569485,0.28383448490726754,1.7443810639337447,-0.2616568852364959,0.8475569594127232,-0.3204963184941043,-0.3290705185864121
25,Day1,-0.13324338802436272,0.815454476886374,-0.1463400407717778,-0.26063115143964427,-0.30607034481742385,-0.018286779105454145,-0.09076494355370149,0.3437248769089071,-0.10724346437223309,2.3103462712938745,0.9033252084595832,0.8179413905886365,-0.18890036928292148,-0.2918843639991063,-0.1276183108077534,1.751449507858103,-0.18934153807769524,-0.27365434559854473,0,0,1.0546586240744222,1.0193514767459555,0,0,0.37491176351096533,-0.03207259193030209,-0.19085916955087312,-0.30887237936006207,-0.4243936237635721,-0.38953938368891916,0.3234549543564495,2.0659626469513315,-0.21264956729048046,-0.14997774091989438,-0.2505240872509258,0.008451872765388295,-0.2688905491294645,-0.4058700331624278,7.274218718323225,5.456781498014972,-0.3204963184941043,-0.3821831843130146
25,Day2,-0.13324338802436272,-0.30690888454809906,-0.1463400407717778,-0.31854918509289853,-0.30607034481742385,-0.2941559038963048,0.05775950953417369,0.22758575467688727,-0.10724346437223309,-0.3732923210279274,-0.5411375244172509,-0.17377736548168204,-0.18890036928292148,-0.2918843639991063,-0.2300578738074906,-0.5529639143164395,-0.18934153807769524,-0.27365434559854473,0,0,-0.2500250721457279,0.7507310875925749,0,0,-0.22646034606617435,0.06844541965014192,-0.19085916955087312,-0.30887237936006207,-0.20640801182542937,-0.24222340046132787,0.31735086734133544,0.19150617149181723,0.646628276046563,-0.29027187967015783,-0.2505240872509258,0.2873636740232017,-0.2688905491294645,-0.4058700331624278,1.8104926062130484,4.628603844550935,-0.3204963184941043,-0.3821831843130146
26,Day1,-0.13324338802436272,-0.30690888454809906,-0.1463400407717778,-0.31854918509289853,-0.30607034481742385,-0.4320904662917301,-0.27642050991354544,-0.2950402953672018,-0.09021250034776875,-0.3732923210279274,-0.628001432698884,3.1602866430213887,-0.18890036928292148,0.7211520847820378,-0.19022026597425948,-0.5529639143164395,-0.18934153807769524,-0.27365434559854473,0,0,-0.34609898202939143,-0.10619015383887082,0,0,-0.22646034606617435,-0.20354449403811836,-0.19085916955087312,-0.30887237936006207,-0.5439341206328762,-0.4062560910055253,-0.07941478864108024,-0.4295486848351303,-0.21264956729048046,-0.29027187967015783,-0.2505240872509258,-0.44209796003569485,-0.2688905491294645,-0.4058700331624278,-0.3438507064004653,-0.35492806144663147,-0.3145899269209628,-0.24110266597672678
26,Day2,-0.13324338802436272,-0.30690888454809906,-0.1463400407717778,-0.31854918509289853,-0.30607034481742385,0.08516414269111484,-0.27642050991354544,-0.23697073425119192,-0.10724346437223309,-0.3732923210279274,1.6724911059856566,-0.8160333217938883,-0.18890036928292148,-0.24185787270127201,-0.2300578738074906,-0.5529639143164395,0.4045535041303627,-0.27365434559854473,0,0,-0.03674099220399495,-0.6767309803877868,0,0,-0.22646034606617435,-0.3099753298291767,-0.19085916955087312,-0.30887237936006207,-0.24391091280403457,0.10569307056553671,-0.20149652894336198,-0.4295486848351303,-0.21264956729048046,-0.29027187967015783,-0.2505240872509258,-0.44209796003569485,-0.2688905491294645,-0.4058700331624278,-0.3438507064004653,-0.35492806144663147,-0.3204963184941043,-0.363925705469495
27,Day1,-0.13324338802436272,-0.30690888454809906,-0.1463400407717778,-0.31854918509289853,-0.1560655718623498,-0.40622773584258787,-0.27642050991354544,-0.2950402953672018,-0.10724346437223309,6.615349846476765,-0.6630272021672844,-0.9399981663026782,-0.01706756782188724,-0.2918843639991063,-0.042252008307972405,-0.5529639143164395,-0.18934153807769524,0.2282240196103289,0,0,-0.5247964544130055,-0.6767309803877868,0,0,-0.22646034606617435,-0.3099753298291767,-0.19085916955087312,-0.30887237936006207,0.243626799917833,-0.4626749781990709,-0.20149652894336198,-0.2996917603304049,-0.21264956729048046,-0.29027187967015783,-0.2505240872509258,-0.44209796003569485,-0.2688905491294645,-0.4058700331624278,-0.3438507064004653,-0.35492806144663147,-0.3204963184941043,-0.378863642705102
27,Day2,-0.13324338802436272,-0.30690888454809906,-0.1463400407717778,-0.31854918509289853,-0.30607034481742385,-0.40622773584258787,-0.27642050991354544,-0.2950402953672018,-0.10724346437223309,-0.3732923210279274,-0.6602251406098124,-0.9399981663026782,-0.18890036928292148,-0.2918843639991063,-0.2300578738074906,-0.3533690509784871,-0.18934153807769524,-0.27365434559854473,0,0,-0.5247964544130055,-0.6767309803877868,0,0,-0.22646034606617435,-0.3099753298291767,-0.19085916955087312,-0.30887237936006207,-0.4478329368752003,-0.5734231641715863,-0.20149652894336198,-0.4295486848351303,-0.21264956729048046,-0.29027187967015783,-0.2505240872509258,-0.44209796003569485,-0.2688905491294645,-0.4058700331624278,-0.3438507064004653,-0.35492806144663147,-0.3204963184941043,-0.373884330293233
28,Day1,-0.13324338802436272,-0.30690888454809906,-0.1463400407717778,-0.31854918509289853,-0.30607034481742385,0.9989806185608076,-0.27642050991354544,-0.2950402953672018,-0.10724346437223309,-0.3732923210279274,-0.6630272021672844,-0.9399981663026782,-0.18890036928292148,2.484585903030696,-0.2300578738074906,-0.5529639143164395,-0.18934153807769524,1.4443139045395226,0,0,-0.5247964544130055,-0.6767309803877868,0,0,-0.22646034606617435,-0.3099753298291767,-0.19085916955087312,-0.30887237936006207,-0.5533098458775274,-0.5984982251464955,-0.20149652894336198,-0.4295486848351303,-0.21264956729048046,-0.29027187967015783,-0.2505240872509258,-0.44209796003569485,-0.2688905491294645,-0.4058700331624278,0.3093738723237126,-0.020402153388013978,-0.3204963184941043,1.3970911175281686
28,Day2,-0.13324338802436272,-0.30690888454809906,-0.1463400407717778,-0.31854918509289853,-0.30607034481742385,1.145536091105947,-0.27642050991354544,-0.2950402953672018,-0.10724346437223309,-0.3732923210279274,-0.6630272021672844,-0.9399981663026782,-0.18890036928292148,-0.2918843639991063,-0.2300578738074906,-0.5529639143164395,-0.18934153807769524,-0.27365434559854473,0,0,-0.5247964544130055,-0.6767309803877868,0,0,-0.22646034606617435,-0.3099753298291767,-0.19085916955087312,-0.30887237936006207,-0.5533098458775274,-0.08759385778272138,-0.20149652894336198,-0.4295486848351303,-0.21264956729048046,-0.29027187967015783,-0.2505240872509258,-0.44209796003569485,-0.2688905491294645,-0.4058700331624278,-0.3438507064004653,-0.35492806144663147,-0.3204963184941043,1.8336108389686827
29,Day1,-0.13324338802436272,-0.30690888454809906,-0.1463400407717778,-0.31854918509289853,-0.30607034481742385,-0.4320904662917301,-0.27642050991354544,-0.2950402953672018,-0.10724346437223309,-0.3732923210279274,0.5208438058646504,1.0198269945029512,-0.13162276879591006,-0.2918843639991063,-0.05363418197460987,-0.5529639143164395,-0.18934153807769524,-0.27365434559854473,0,0,-0.5247964544130055,-0.6767309803877868,0,0,-0.22646034606617435,-0.3099753298291767,-0.19085916955087312,-0.30887237936006207,-0.5040872883431081,1.2382499912656004,-0.20149652894336198,-0.4295486848351303,-0.21264956729048046,-0.29027187967015783,-0.2505240872509258,-0.013002881177520426,-0.2688905491294645,-0.4058700331624278,-0.3438507064004653,-0.35492806144663147,-0.3204963184941043,1.8684660258517656
29,Day2,-0.13324338802436272,-0.30690888454809906,-0.1463400407717778,-0.31854918509289853,-0.30607034481742385,-0.4320904662917301,-0.27642050991354544,-0.16728726091198004,-0.10724346437223309,-0.3732923210279274,2.668623989666965,1.6113163954448912,-0.18890036928292148,-0.2918843639991063,-0.1959113528075782,-0.46223897643555206,-0.18934153807769524,-0.27365434559854473,0,0,-0.5247964544130055,-0.6767309803877868,0,0,-0.22646034606617435,-0.3099753298291767,-0.19085916955087312,-0.30887237936006207,0.6842858864164441,0.1756942824538248,-0.20149652894336198,-0.4295486848351303,-0.21264956729048046,-0.29027187967015783,0.2244056185800846,-0.42064320609278616,-0.2688905491294645,-0.4058700331624278,-0.3438507064004653,-0.35492806144663147,-0.3204963184941043,3.229478085095954
30,Day1,-0.13324338802436272,-0.30690888454809906,0.08289514967768426,-0.31854918509289853,-0.30607034481742385,-0.4320904662917301,7.880047372162266,-0.14405943646557606,-0.10724346437223309,-0.3732923210279274,-0.6630272021672844,-0.9399981663026782,-0.18890036928292148,-0.2918843639991063,0.4016527646908888,0.40872042722096796,0.5530272646823772,-0.27365434559854473,0,0,-0.5247964544130055,-0.6767309803877868,0,0,-0.22646034606617435,-0.26858556035487624,-0.19085916955087312,-0.30887237936006207,0.5999043592145824,0.13808169099146106,-0.20149652894336198,-0.4295486848351303,-0.21264956729048046,-0.29027187967015783,-0.2505240872509258,-0.44209796003569485,-0.2688905491294645,-0.4058700331624278,-0.3438507064004653,-0.28621463168323974,1.2373144589219756,-0.3672452470774077
30,Day2,-0.13324338802436272,-0.30690888454809906,-0.05464596459199299,-0.31854918509289853,-0.30607034481742385,-0.4320904662917301,0.3424313779526011,-0.10921769979597014,-0.10724346437223309,-0.3732923210279274,-0.6630272021672844,-0.9399981663026782,-0.18890036928292148,-0.2918843639991063,-0.1446915713077096,0.6808952408636304,-0.18934153807769524,-0.27365434559854473,0,0,-0.5247964544130055,-0.6767309803877868,0,0,-0.22646034606617435,-0.3099753298291767,-0.19085916955087312,-0.30887237936006207,-0.37048320360682707,-0.5232730422217681,-0.20149652894336198,-0.3109836668090767,-0.21264956729048046,-0.29027187967015783,-0.2505240872509258,-0.44209796003569485,-0.2688905491294645,-0.4058700331624278,-0.3438507064004653,-0.35492806144663147,1.5400170270454794,-0.3821831843130146
31,Day1,0.7942555083014746,-0.30690888454809906,-0.1463400407717778,-0.31854918509289853,-0.30607034481742385,-0.05277041970431048,-0.27642050991354544,-0.2950402953672018,-0.10724346437223309,-0.3732923210279274,-0.4949035087189623,-0.3638567937284931,-0.18890036928292148,0.014527895200128654,0.054496467858446064,3.3119184394093684,1.2211591871664422,2.534934198166498,0,0,-0.520953498017659,-0.6767309803877868,0,0,6.494136738155545,-0.3099753298291767,-0.19085916955087312,-0.30887237936006207,-0.5533098458775274,-0.6267076687432683,-0.20149652894336198,-0.4295486848351303,-0.21264956729048046,-0.29027187967015783,-0.2505240872509258,-0.44209796003569485,6.668305087642933,-0.11216405624077017,-0.3092427816998466,0.15138142102046526,-0.20236848703127364,-0.37222455948927663
31,Day2,-0.13324338802436272,-0.30690888454809906,-0.1463400407717778,-0.31854918509289853,4.974097663201183,-0.15622134150087946,-0.27642050991354544,-0.2601985586975959,-0.10724346437223309,-0.3732923210279274,-0.068990151983213,-0.5456718990080515,0.8134576392397782,0.8462183130266235,-0.17314700547430326,-0.29893408824995454,-0.18934153807769524,0.21857251258708132,0,0,-0.5247964544130055,-0.6767309803877868,0,0,6.70514449590191,-0.3099753298291767,-0.19085916955087312,-0.30887237936006207,-0.5533098458775274,-0.6183493150849653,-0.20149652894336198,-0.4295486848351303,-0.21264956729048046,-0.29027187967015783,-0.2505240872509258,-0.44209796003569485,-0.2688905491294645,1.9060540787530058,0.08442236176969106,0.3792206881306588,-0.3204963184941043,-0.18467045864221163
32,Day1,-0.13324338802436272,-0.30690888454809906,-0.03172244554704678,-0.31854918509289853,-0.006060798907275732,-0.4320904662917301,0.0948906228061425,-0.27181247092079786,-0.10724346437223309,-0.3732923210279274,0.6679520376319322,-0.7782535596578762,-0.18890036928292148,-0.2918843639991063,-0.2300578738074906,-0.48038396401172956,-0.18934153807769524,7.814308539882918,0,0,-0.349941938424738,-0.4724906845025717,0,0,-0.03655336409444601,0.021142825965227097,-0.19085916955087312,-0.30887237936006207,-0.5134630135877594,-0.1837149248532065,-0.20149652894336198,-0.4295486848351303,1.7636894723847196,-0.05644831508638543,-0.2505240872509258,2.1324725131133517,-0.22255431873117557,-0.06096760154800415,-0.3438507064004653,-0.35492806144663147,-0.07981086188858676,-0.24442220758463942
32,Day2,-0.13324338802436272,-0.30690888454809906,-0.1463400407717778,1.5927459254644927,0.0839420648657687,-0.3889859155431597,0.3176773024379553,-0.0743759631263642,-0.10724346437223309,-0.3732923210279274,-0.5411375244172509,-0.8136720866603876,-0.18890036928292148,-0.2918843639991063,-0.2300578738074906,0.31799548934008043,-0.18934153807769524,-0.27365434559854473,0,0,-0.5247964544130055,-0.6600809562667094,0,0,-0.22646034606617435,-0.3099753298291767,-0.19085916955087312,-0.30887237936006207,-0.532214464077062,-0.08236988674628198,-0.20149652894336198,-0.4295486848351303,0.9044116290476761,-0.29027187967015783,-0.2505240872509258,-0.1846409127207902,-0.004112089710670684,3.56589703089742,-0.3438507064004653,-0.35492806144663147,-0.3204963184941043,-0.1830106878382553
33,Day1,-0.13324338802436272,-0.30690888454809906,-0.1463400407717778,-0.31854918509289853,-0.30607034481742385,-0.018286779105454145,-0.27642050991354544,-0.2950402953672018,-0.10724346437223309,-0.3732923210279274,-0.6630272021672844,-0.8302007325948929,-0.18890036928292148,-0.2918843639991063,0.28783102802451416,-0.5166739391640846,1.072685426614428,-0.27365434559854473,0,0,-0.5247964544130055,-0.04958007182720796,0,0,0.5015164181587842,-0.16806754877443222,-0.19085916955087312,-0.005385382150859429,-0.5486219832552017,-0.5232730422217681,-0.20149652894336198,-0.4295486848351303,-0.21264956729048046,-0.05644831508638543,-0.2505240872509258,-0.44209796003569485,-0.2523418954157899,-0.3681463297046002,-0.3438507064004653,0.1875463840538293,-0.3204963184941043,-0.378863642705102
33,Day2,-0.13324338802436272,-0.30690888454809906,-0.1463400407717778,-0.31854918509289853,-0.30607034481742385,0.7058696734705288,-0.27642050991354544,-0.22535682202798993,-0.10724346437223309,-0.2614740463478523,-0.6560220482736043,-0.9246501379349232,-0.18890036928292148,-0.2918843639991063,-0.03656092147465367,0.662750253287453,-0.18934153807769524,0.20892100556383375,0,0,-0.520953498017659,-0.41699060409898064,0,0,-0.15260763085494666,8.180840236613035,0.047188802550373346,0.15866164336762847,-0.49002370047613114,-0.5431241321602378,-0.20149652894336198,-0.4295486848351303,-0.21264956729048046,-0.29027187967015783,-0.2505240872509258,-0.42064320609278616,-0.26558081838672953,-0.29269892278894505,-0.20974499818556785,-0.22835069082985726,-0.3204963184941043,-0.3821831843130146
34,Day1,-0.13324338802436272,-0.30690888454809906,-0.1463400407717778,-0.31854918509289853,1.1939773847333168,-0.4320904662917301,-0.27642050991354544,-0.2950402953672018,-0.10724346437223309,-0.3732923210279274,-0.3618055847390406,-0.413442731532009,-0.18890036928292148,-0.2918843639991063,-0.2300578738074906,-0.5529639143164395,-0.18934153807769524,-0.27365434559854473,0,0,-0.5247964544130055,-0.6767309803877868,0,0,-0.22646034606617435,-0.3099753298291767,-0.19085916955087312,-0.30887237936006207,-0.2954774016496167,-0.6267076687432683,-0.20149652894336198,-0.4295486848351303,-0.21264956729048046,-0.29027187967015783,-0.2505240872509258,2.025198743398808,-0.2688905491294645,-0.4058700331624278,-0.3438507064004653,-0.21026820931317525,-0.3204963184941043,-0.3821831843130146
34,Day2,-0.13324338802436272,0.0939351731070699,-0.10049300268188541,-0.31854918509289853,1.343982157688391,-0.4320904662917301,-0.27642050991354544,-0.08598987534956617,-0.10724346437223309,-0.3732923210279274,0.7632221305859814,-0.9352756960356766,-0.18890036928292148,-0.2918843639991063,-0.2300578738074906,-0.5529639143164395,-0.18934153807769524,-0.27365434559854473,0,0,-0.5247964544130055,-0.6767309803877868,0,0,-0.22646034606617435,-0.3099753298291767,-0.19085916955087312,-0.30887237936006207,-0.3822028601626412,-0.21401395686455507,-0.20149652894336198,-0.4295486848351303,-0.21264956729048046,-0.29027187967015783,0.38271552052375474,0.45900170556647146,-0.2688905491294645,-0.4058700331624278,-0.08861726173340241,-0.34769506883995865,-0.3204963184941043,-0.37222455948927663
35,Day1,-0.13324338802436272,-0.30690888454809906,-0.1463400407717778,-0.31854918509289853,-0.30607034481742385,-0.4320904662917301,-0.27642050991354544,-0.2950402953672018,-0.10724346437223309,-0.3732923210279274,-0.6630272021672844,-0.9399981663026782,-0.18890036928292148,-0.2918843639991063,-0.2300578738074906,-0.5529639143164395,-0.18934153807769524,-0.27365434559854473,0,0,0.6626770717490753,-0.6623009594828531,0,0,-0.22646034606617435,-0.3099753298291767,-0.19085916955087312,-0.30887237936006207,-0.4290814863858977,-0.5462585147821014,-0.20149652894336198,-0.4295486848351303,-0.21264956729048046,-0.29027187967015783,-0.2505240872509258,-0.44209796003569485,-0.2688905491294645,-0.29808802328292044,-0.3438507064004653,-0.35492806144663147,-0.3204963184941043,-0.3821831843130146
35,Day2,-0.13324338802436272,-0.30690888454809906,-0.1463400407717778,-0.31854918509289853,-0.30607034481742385,-0.4320904662917301,-0.27642050991354544,4.338910681690388,-0.10724346437223309,-0.3732923210279274,-0.6630272021672844,-0.9399981663026782,-0.18890036928292148,-0.2918843639991063,-0.2300578738074906,-0.5529639143164395,-0.18934153807769524,1.7145561011904544,0,0,-0.4556232392967678,-0.6589709546586376,0,0,-0.22646034606617435,-0.3099753298291767,-0.19085916955087312,-0.30887237936006207,-0.5533098458775274,-0.6267076687432683,-0.20149652894336198,-0.4295486848351303,-0.21264956729048046,-0.29027187967015783,-0.2505240872509258,-0.44209796003569485,-0.2688905491294645,1.4749260392349763,-0.3438507064004653,-0.35492806144663147,-0.3204963184941043,1.2194956415048415
36,Day1,-0.13324338802436272,-0.30690888454809906,-0.1463400407717778,-0.31854918509289853,-0.30607034481742385,-0.20794680239916397,-0.27642050991354544,-0.2950402953672018,-0.10724346437223309,-0.3732923210279274,-0.6630272021672844,-0.9399981663026782,-0.18890036928292148,-0.2918843639991063,0.014658860025214932,2.2776541475672505,-0.07798621766368438,-0.13853324727307875,0,0,-0.4671521084828074,-0.3448404995743123,0,0,-0.22646034606617435,1.0381485901908958,-0.19085916955087312,-0.30887237936006207,-0.5533098458775274,0.18823181294127936,-0.20149652894336198,-0.4295486848351303,-0.21264956729048046,6.186640859300337,0.48825545515286817,0.6950039989384673,-0.2688905491294645,-0.4058700331624278,-0.3438507064004653,-0.29525587244158075,-0.3204963184941043,-0.3821831843130146
36,Day2,-0.13324338802436272,-0.30690888454809906,-0.1463400407717778,2.056090194690527,-0.30607034481742385,-0.1303586110517372,-0.27642050991354544,-0.178901173135182,-0.10724346437223309,-0.3732923210279274,-0.6630272021672844,-0.9399981663026782,-0.18890036928292148,-0.2918843639991063,0.0943340756916772,1.207099880572778,-0.07798621766368438,-0.15783626131957387,0,0,-0.5247964544130055,-0.5779408372693947,0,0,-0.22646034606617435,-0.3099753298291767,-0.19085916955087312,-0.30887237936006207,2.627404943370426,-0.5567064568549802,-0.20149652894336198,1.5295970892144224,0.38884492304544993,-0.1032130280031399,-0.2505240872509258,-0.2060956666636989,-0.2688905491294645,-0.4058700331624278,-0.3178947628750013,-0.35492806144663147,-0.3204963184941043,0.10081011963827674
37,Day1,-0.13324338802436272,-0.30690888454809906,-0.1463400407717778,2.0271311778639,-0.30607034481742385,-0.4320904662917301,-0.177404207854962,-0.2950402953672018,-0.10724346437223309,-0.3732923210279274,0.10053457224384513,-0.43941631800051734,-0.18890036928292148,-0.2918843639991063,-0.2300578738074906,-0.5529639143164395,0.9613301062004169,-0.0902757121568409,0,0,0.4032775150631839,3.9708457526089274,0,0,-0.22646034606617435,-0.3099753298291767,-0.19085916955087312,-0.17763475894527173,-0.5533098458775274,-0.620438903499541,-0.20149652894336198,-0.4295486848351303,-0.21264956729048046,-0.29027187967015783,5.712482219293983,3.9990361061464106,-0.2688905491294645,-0.4058700331624278,-0.3438507064004653,-0.19037747964482502,2.4363119482697075,-0.3821831843130146
37,Day2,-0.13324338802436272,-0.30690888454809906,-0.1463400407717778,6.834327971084005,-0.30607034481742385,0.13688960358939933,-0.27642050991354544,0.8198952780601882,-0.10724346437223309,-0.3732923210279274,-0.46828392392297796,-0.20565403978394228,-0.18890036928292148,-0.2918843639991063,-0.2300578738074906,-0.5529639143164395,-0.18934153807769524,-0.27365434559854473,0,0,2.3420490165155132,0.28231040898626647,0,0,-0.22646034606617435,0.22809167333672947,8.750817782502198,2.9474610771819227,-0.5509659145663646,-0.4010321199690859,-0.20149652894336198,0.38346858162923736,-0.21264956729048046,-0.29027187967015783,-0.2505240872509258,0.35172793585192785,-0.2688905491294645,-0.4058700331624278,-0.2789608475868052,0.5925939700275067,-0.3204963184941043,-0.28757624848750396
37,Day3,-0.13324338802436272,-0.30690888454809906,-0.1463400407717778,2.8090246321828323,-0.30607034481742385,-0.4320904662917301,-0.27642050991354544,-0.15567334868877805,-0.10724346437223309,-0.3732923210279274,-0.4472684622419377,-0.9081214920004179,-0.18890036928292148,-0.2918843639991063,-0.2300578738074906,-0.5529639143164395,-0.18934153807769524,-0.27365434559854473,0,0,-0.15971559685508424,-0.6767309803877868,0,0,-0.22646034606617435,-0.3099753298291767,-0.19085916955087312,-0.30887237936006207,-0.5533098458775274,-0.6267076687432683,-0.20149652894336198,-0.4295486848351303,-0.21264956729048046,0.03708111074712351,-0.2505240872509258,-0.44209796003569485,-0.2688905491294645,-0.4058700331624278,0.33100382526159927,-0.35492806144663147,-0.07390447031544523,-0.3821831843130146
38,Day1,-0.13324338802436272,-0.30690888454809906,-0.1463400407717778,-0.31854918509289853,-0.30607034481742385,-0.4320904662917301,-0.27642050991354544,0.16951619356087735,-0.10724346437223309,2.030800584593687,-0.6630272021672844,-0.9399981663026782,-0.18890036928292148,-0.2918843639991063,-0.2300578738074906,-0.5529639143164395,-0.18934153807769524,-0.27365434559854473,0,0,-0.5132675852269659,-0.6745109771716431,0,0,-0.22646034606617435,-0.3099753298291767,-0.19085916955087312,-0.30887237936006207,0.2717539756517869,-0.4804364797229649,-0.20149652894336198,0.022127574311740634,-0.21264956729048046,-0.29027187967015783,-0.2505240872509258,-0.44209796003569485,-0.2688905491294645,-0.4058700331624278,-0.3438507064004653,-0.35492806144663147,-0.3204963184941043,-0.3821831843130146
38,Day2,-0.13324338802436272,-0.30690888454809906,-0.1463400407717778,-0.31854918509289853,-0.30607034481742385,0.34379144718253735,-0.27642050991354544,0.378566613578513,-0.10724346437223309,-0.3732923210279274,-0.6630272021672844,-0.9399981663026782,-0.18890036928292148,-0.2918843639991063,-0.2300578738074906,-0.5529639143164395,-0.18934153807769524,-0.27365434559854473,0,0,-0.5171105416223124,1.2147117597665962,0,0,-0.22646034606617435,0.021142825965227097,-0.19085916955087312,-0.30887237936006207,-0.5486219832552017,-0.6235732861214047,-0.20149652894336198,-0.4295486848351303,-0.21264956729048046,-0.29027187967015783,-0.2505240872509258,-0.44209796003569485,-0.2688905491294645,-0.4058700331624278,-0.3438507064004653,-0.35492806144663147,-0.3204963184941043,-0.3821831843130146
39,Day1,-0.13324338802436272,-0.30690888454809906,-0.1463400407717778,-0.2316721346130171,-0.30607034481742385,-0.4320904662917301,-0.27642050991354544,-0.2950402953672018,-0.10724346437223309,-0.3732923210279274,-0.6630272021672844,-0.9399981663026782,-0.18890036928292148,-0.2918843639991063,-0.2300578738074906,-0.5529639143164395,-0.18934153807769524,-0.27365434559854473,0,0,0.8855685426791746,0.020350029481316756,0,0,-0.22646034606617435,-0.3099753298291767,3.5881523875564145,0.5605768558879239,-0.5533098458775274,-0.5399897495383741,-0.20149652894336198,-0.4295486848351303,-0.21264956729048046,-0.29027187967015783,-0.2505240872509258,0.48045645950938015,-0.2688905491294645,-0.4058700331624278,-0.3438507064004653,-0.35492806144663147,-0.3204963184941043,-0.3821831843130146
39,Day2,-0.13324338802436272,0.6551168538243064,-0.1463400407717778,0.6950164038390514,-0.30607034481742385,-0.4320904662917301,-0.27642050991354544,-0.190515085358384,-0.10724346437223309,-0.3732923210279274,-0.6630272021672844,-0.9399981663026782,-0.18890036928292148,-0.2918843639991063,-0.2300578738074906,-0.5529639143164395,-0.18934153807769524,-0.27365434559854473,0,0,1.1180674045976402,0.41107059552259767,0,0,-0.22646034606617435,-0.3099753298291767,1.2225506648002777,3.6036491792558745,-0.5439341206328762,-0.35610596905570696,-0.20149652894336198,0.02777352755107652,-0.21264956729048046,-0.29027187967015783,-0.2505240872509258,2.9477531629438833,-0.2688905491294645,-0.4058700331624278,-0.3438507064004653,-0.35492806144663147,1.612370323816463,-0.3821831843130146
40,Day1,-0.13324338802436272,-0.30690888454809906,-0.1463400407717778,-0.31854918509289853,-0.30607034481742385,0.309307806583681,-0.177404207854962,-0.21374290980478794,-0.10724346437223309,-0.3732923210279274,-0.6364076173713,-0.85263246636315,-0.18890036928292148,-0.2918843639991063,-0.2300578738074906,-0.5529639143164395,-0.18934153807769524,-0.27365434559854473,0,0,-0.5247964544130055,-0.6767309803877868,0,0,-0.22646034606617435,-0.298149681407948,0.6869427275724732,1.2741814168933463,-0.5533098458775274,-0.5974534309392077,-0.20149652894336198,-0.4295486848351303,-0.21264956729048046,-0.29027187967015783,-0.2505240872509258,-0.44209796003569485,-0.2688905491294645,-0.4058700331624278,-0.3438507064004653,-0.35492806144663147,-0.3204963184941043,-0.3821831843130146
40,Day2,-0.13324338802436272,-0.30690888454809906,-0.1463400407717778,-0.31854918509289853,-0.30607034481742385,-0.4320904662917301,0.07013654729149663,-0.23697073425119192,-0.10724346437223309,-0.3732923210279274,-0.6630272021672844,-0.9399981663026782,-0.18890036928292148,-0.2918843639991063,-0.2300578738074906,-0.5529639143164395,-0.18934153807769524,-0.27365434559854473,0,0,-0.5247964544130055,-0.6767309803877868,0,0,-0.22646034606617435,-0.3099753298291767,1.3862086456198848,-0.30887237936006207,-0.5533098458775274,-0.6267076687432683,-0.20149652894336198,-0.4295486848351303,-0.21264956729048046,-0.29027187967015783,-0.2505240872509258,-0.44209796003569485,-0.2688905491294645,-0.4058700331624278,-0.3438507064004653,-0.35492806144663147,-0.3204963184941043,-0.3821831843130146
41,Day1,-0.13324338802436272,-0.30690888454809906,1.6416944447340265,2.519434463916561,-0.30607034481742385,-0.4320904662917301,0.2186610003793718,0.42502226247132097,-0.10724346437223309,-0.3732923210279274,0.16638301884443796,0.16505987617567677,-0.18890036928292148,-0.2918843639991063,-0.2300578738074906,1.352259781182198,-0.18934153807769524,-0.03236667001735548,0,0,-0.5247964544130055,-0.2005402905249756,0,0,-0.22646034606617435,-0.3099753298291767,-0.19085916955087312,-0.30887237936006207,-0.5158069448989222,-0.49401880441770735,-0.20149652894336198,-0.4295486848351303,-0.21264956729048046,-0.29027187967015783,0.9631851609838785,-0.44209796003569485,-0.2688905491294645,0.5884190079760279,-0.3438507064004653,0.9126538928727785,-0.3204963184941043,-0.3821831843130146
41,Day2,9.708550456322024,7.06862177630701,9.619079072375307,1.476909858157984,-0.30607034481742385,-0.4320904662917301,0.05775950953417369,0.7850535413905823,-0.10724346437223309,0.2976173270525231,2.256720940718576,2.619563797449715,-0.18890036928292148,0.17086068050586076,0.0431142941918086,2.3683790854481384,-0.18934153807769524,-0.27365434559854473,0,0,0.08431213424942105,-0.4447406443007762,0,0,-0.22646034606617435,-0.3099753298291767,-0.19085916955087312,-0.30887237936006207,0.5084910380792322,0.33032382513243125,-0.20149652894336198,-0.4182567783564585,-0.21264956729048046,-0.29027187967015783,0.9104151936693218,-0.44209796003569485,-0.2688905491294645,-0.4058700331624278,2.178201806157122,0.6902393702175896,-0.3204963184941043,-0.3821831843130146
42,Day1,-0.13324338802436272,-0.30690888454809906,-0.1463400407717778,-0.31854918509289853,-0.30607034481742385,-0.42346955614201603,-0.27642050991354544,-0.2950402953672018,-0.10724346437223309,-0.3732923210279274,-0.49770557027643436,0.050539972200889995,-0.18890036928292148,-0.2918843639991063,-0.2300578738074906,2.186929209686363,-0.18934153807769524,-0.27365434559854473,0,0,-0.4306440227270153,-0.24161035002363296,0,0,-0.22646034606617435,-0.3099753298291767,-0.19085916955087312,-0.30887237936006207,-0.36110747836217577,0.02942309343352136,-0.20149652894336198,-0.4295486848351303,-0.21264956729048046,-0.2201248102950261,-0.2505240872509258,0.35172793585192785,-0.23248351095938033,-0.4058700331624278,-0.3438507064004653,-0.34588682068829046,-0.3204963184941043,-0.3821831843130146
42,Day2,-0.13324338802436272,-0.30690888454809906,-0.1463400407717778,-0.31854918509289853,-0.30607034481742385,-0.3458813647945893,-0.27642050991354544,-0.2950402953672018,-0.10724346437223309,-0.3732923210279274,0.6133118372612275,1.9891140168050125,-0.18890036928292148,-0.2918843639991063,-0.22436678697417187,1.5518546445201504,-0.18934153807769524,-0.27365434559854473,0,0,0.22458004267956974,0.6086508817593818,0,0,-0.22646034606617435,-0.1444162519319748,-0.19085916955087312,-0.30887237936006207,-0.3822028601626412,0.7461519196330082,-0.20149652894336198,2.291800776524767,-0.21264956729048046,0.3410517447060276,2.0713544745895693,-0.24900517454951637,-0.2688905491294645,-0.17952781241546228,-0.30491679111226927,-0.35492806144663147,-0.3204963184941043,-0.3821831843130146
43,Day1,-0.13324338802436272,-0.30690888454809906,-0.1463400407717778,-0.31854918509289853,2.4840184321469536,-0.018286779105454145,-0.27642050991354544,-0.2950402953672018,-0.10724346437223309,-0.3732923210279274,-0.469684954701714,0.5133420583670386,-0.18890036928292148,-0.2918843639991063,-0.2300578738074906,-0.5529639143164395,-0.18934153807769524,-0.06132119108709819,0,0,-0.06172020877374746,0.08584012435755418,0,0,-0.22646034606617435,-0.11485213087890304,-0.19085916955087312,-0.30887237936006207,1.863283335931345,2.643498200067801,6.207794836926429,1.3828023049916893,7.177139885408093,0.8320812303319496,1.2270349975566621,5.908509207065286,-0.2688905491294645,-0.4058700331624278,-0.3438507064004653,-0.34588682068829046,-0.3204963184941043,-0.3821831843130146
43,Day2,-0.13324338802436272,-0.30690888454809906,-0.1463400407717778,-0.31854918509289853,-0.30607034481742385,0.10240596299054301,0.3424313779526011,-0.20212899758158598,-0.10724346437223309,-0.3732923210279274,-0.3267798152706402,1.6219419535456447,-0.18890036928292148,-0.2918843639991063,-0.2300578738074906,-0.5529639143164395,-0.18934153807769524,-0.27365434559854473,0,0,0.2034437825051638,0.3089504475799902,0,0,-0.22646034606617435,-0.014334119298459028,-0.19085916955087312,-0.30887237936006207,2.54771127879089,1.887067193991375,0.3783917374924763,0.11246282614111482,-0.21264956729048046,3.2404639455448048,-0.19775411993636907,0.7808230147101022,-0.2688905491294645,-0.4058700331624278,-0.3438507064004653,-0.3169548502615992,-0.3204963184941043,-0.3821831843130146
43,Day3,-0.13324338802436272,-0.30690888454809906,-0.1463400407717778,-0.05791803365325428,-0.30607034481742385,1.9214180045802145,-0.27642050991354544,-0.2950402953672018,-0.10724346437223309,-0.3732923210279274,0.040290248758196374,0.3114564544527238,-0.18890036928292148,-0.2918843639991063,-0.2300578738074906,-0.5529639143164395,-0.18934153807769524,-0.27365434559854473,0,0,0.005531528144816982,-0.07622011042093166,0,0,-0.22646034606617435,-0.03207259193030209,-0.19085916955087312,-0.30887237936006207,2.374260361764841,0.6792850903665838,-0.20149652894336198,-0.4295486848351303,-0.21264956729048046,3.9419346392961216,-0.2505240872509258,0.24445416613738424,-0.2688905491294645,-0.4058700331624278,-0.3438507064004653,-0.35492806144663147,-0.3204963184941043,-0.3821831843130146
43,Day4,-0.13324338802436272,0.8956232884174078,-0.1463400407717778,-0.31854918509289853,2.8740308418301463,-0.37174409524373153,-0.27642050991354544,-0.2950402953672018,-0.10724346437223309,-0.3732923210279274,0.03748818720072434,-0.10648216417691043,-0.18890036928292148,-0.2918843639991063,-0.2300578738074906,-0.5529639143164395,-0.18934153807769524,-0.27365434559854473,0,0,-0.27500428871548044,-0.3603805220873178,0,0,-0.22646034606617435,-0.3099753298291767,-0.19085916955087312,-0.30887237936006207,0.56474538954714,1.1818311040720548,-0.20149652894336198,1.0214612976741926,-0.21264956729048046,0.06046346720550075,-0.2505240872509258,1.6175584184835423,-0.2688905491294645,-0.4058700331624278,-0.3438507064004653,-0.35492806144663147,-0.3204963184941043,-0.3821831843130146
44,Day1,-0.13324338802436272,-0.30690888454809906,-0.1463400407717778,-0.31854918509289853,-0.30607034481742385,-0.4320904662917301,-0.27642050991354544,-0.2950402953672018,-0.10724346437223309,-0.3732923210279274,0.6665510068531962,0.4401437692285151,-0.18890036928292148,-0.2918843639991063,-0.2300578738074906,-0.5529639143164395,-0.18934153807769524,-0.27365434559854473,0,0,-0.5247964544130055,0.5986608672867354,0,0,-0.17370840662958315,-0.298149681407948,-0.19085916955087312,-0.30887237936006207,-0.5533098458775274,-0.5222282480144802,-0.20149652894336198,-0.4295486848351303,-0.21264956729048046,4.082228778046385,-0.2505240872509258,-0.44209796003569485,-0.2688905491294645,-0.4058700331624278,-0.3438507064004653,-0.35492806144663147,-0.20827487860441515,-0.3821831843130146
44,Day2,-0.13324338802436272,1.8576490267898134,-0.1463400407717778,-0.31854918509289853,-0.30607034481742385,-0.4320904662917301,0.20628396262204887,-0.21374290980478794,-0.09361869315266161,-0.3732923210279274,-0.3351859999430563,-0.2210020681516972,-0.18890036928292148,-0.2918843639991063,-0.18452917914094075,-0.5529639143164395,-0.07798621766368438,3.8475391533281678,0,0,-0.35378489482008446,0.054760079331543206,0,0,-0.22646034606617435,-0.3099753298291767,-0.19085916955087312,-0.30887237936006207,-0.24859877542636022,-0.0750563272952668,2.1363687978453334,-0.4295486848351303,4.083739649394737,0.3878164576227821,-0.2505240872509258,2.3041105446566217,-0.2688905491294645,-0.4058700331624278,-0.3438507064004653,-0.35492806144663147,-0.3204963184941043,1.825311984948901
45,Day1,-0.13324338802436272,-0.30690888454809906,-0.1463400407717778,-0.31854918509289853,-0.30607034481742385,0.2144777949368261,-0.27642050991354544,-0.2950402953672018,-0.10724346437223309,-0.20556490900781477,-0.6630272021672844,-0.8974959338996645,-0.18890036928292148,-0.2918843639991063,-0.2300578738074906,-0.4078040137070196,-0.18934153807769524,-0.2157453034590593,0,0,-0.5247964544130055,-0.6767309803877868,0,0,-0.22646034606617435,2.557744412318785,-0.19085916955087312,-0.30887237936006207,-0.5533098458775274,-0.5629752220987075,-0.20149652894336198,0.3891145348685733,-0.21264956729048046,0.4579635269979138,-0.2505240872509258,1.724832188198086,-0.2688905491294645,-0.4058700331624278,-0.3438507064004653,5.069816393557977,-0.3204963184941043,-0.3025141857231109
45,Day2,-0.13324338802436272,0.1741039846381037,-0.1463400407717778,-0.31854918509289853,-0.30607034481742385,-0.30277681404601886,0.1443987738354342,-0.2950402953672018,-0.10724346437223309,-0.3732923210279274,-0.48089320093160215,-0.9399981663026782,-0.18890036928292148,-0.2918843639991063,-0.2300578738074906,1.3704047687583754,-0.11510465780168799,-0.27365434559854473,0,0,-0.5247964544130055,-0.6767309803877868,0,0,-0.22646034606617435,-0.2626727361442619,-0.19085916955087312,-0.30887237936006207,-0.304853126894268,-0.3707330879577373,-0.20149652894336198,1.8570623770959038,-0.21264956729048046,-0.29027187967015783,-0.2505240872509258,-0.44209796003569485,-0.2688905491294645,-0.4058700331624278,0.7722548651944876,-0.19218572779649323,-0.3204963184941043,-0.3821831843130146
45,Day3,-0.13324338802436272,-0.30690888454809906,-0.1463400407717778,-0.31854918509289853,-0.30607034481742385,0.41275872838024996,-0.15265013234031613,-0.2950402953672018,-0.10724346437223309,-0.3732923210279274,-0.08159942899183716,-0.8313813501616433,-0.18890036928292148,-0.2918843639991063,-0.2300578738074906,0.7897651663206955,9.275860697113227,0.29578456877306186,0,0,-0.5247964544130055,-0.6767309803877868,0,0,1.2822451218203341,0.22809167333672947,-0.19085916955087312,-0.30887237936006207,-0.5392462580105505,-0.3310309080807978,0.9033432207922878,-0.3787351056811073,-0.21264956729048046,-0.29027187967015783,-0.2505240872509258,-0.44209796003569485,-0.2688905491294645,-0.4058700331624278,-0.3438507064004653,-0.35492806144663147,-0.3204963184941043,-0.3821831843130146
45,Day4,-0.13324338802436272,-0.30690888454809906,-0.1463400407717778,-0.31854918509289853,-0.30607034481742385,-0.4320904662917301,0.7137425106722891,-0.2950402953672018,-0.10724346437223309,-0.31738318368788987,-0.6630272021672844,-0.921108285234672,-0.18890036928292148,-0.2918843639991063,-0.2300578738074906,-0.5529639143164395,-0.18934153807769524,-0.27365434559854473,0,0,-0.5247964544130055,-0.6767309803877868,0,0,-0.22646034606617435,-0.09120083403644563,-0.19085916955087312,-0.30887237936006207,-0.5533098458775274,-0.6267076687432683,-0.20149652894336198,-0.18677269554368717,-0.21264956729048046,-0.29027187967015783,-0.2505240872509258,-0.2704599284924251,-0.2688905491294645,-0.4058700331624278,-0.3438507064004653,-0.35492806144663147,-0.3204963184941043,-0.3821831843130146
46,Day1,-0.13324338802436272,-0.30690888454809906,-0.1463400407717778,-0.31854918509289853,-0.30607034481742385,-0.42346955614201603,-0.27642050991354544,-0.2950402953672018,-0.10724346437223309,-0.3732923210279274,3.1435734236584754,-0.047451285839391476,-0.18890036928292148,-0.2918843639991063,-0.2300578738074906,0.009530700545062942,-0.18934153807769524,-0.27365434559854473,0,0,-0.5247964544130055,-0.6767309803877868,0,0,-0.22646034606617435,0.671553489132806,-0.19085916955087312,0.20787575102317485,-0.1642172482244985,-0.05416044314950917,-0.20149652894336198,-0.4295486848351303,-0.21264956729048046,-0.29027187967015783,-0.2505240872509258,-0.44209796003569485,-0.2688905491294645,-0.4058700331624278,-0.3438507064004653,-0.35492806144663147,-0.3204963184941043,-0.3821831843130146
46,Day2,-0.13324338802436272,-0.30690888454809906,-0.1463400407717778,-0.31854918509289853,-0.30607034481742385,-0.4320904662917301,-0.27642050991354544,-0.24858464647439388,-0.10724346437223309,-0.14965577166777724,1.3670663962212048,0.7565492771176168,-0.18890036928292148,-0.2918843639991063,-0.2300578738074906,-0.5529639143164395,-0.18934153807769524,-0.27365434559854473,0,0,-0.40182184976191626,-0.6734009755635713,0,0,-0.22646034606617435,-0.13850342772136046,0.1959687851136524,-0.30887237936006207,-0.5533098458775274,-0.6089461672193743,-0.20149652894336198,0.20844403120982488,-0.21264956729048046,-0.29027187967015783,-0.2505240872509258,-0.44209796003569485,-0.2688905491294645,1.2054710145362078,-0.3438507064004653,-0.35492806144663147,-0.3204963184941043,-0.3821831843130146
