Person,Day,Calculator-Bin1,Calendar-Bin1,Camera-Bin1,Clock-Bin1,Contacts-Bin1,Facebook-Bin1,Gallery-Bin1,Gmail-Bin1,Google Play Store-Bin1,Instagram-Bin1,Maps-Bin1,Messaging-Bin1,Messenger-Bin1,Phone-Bin1,Photos-Bin1,Settings-Bin1,Twitter-Bin1,WhatsApp-Bin1,YouTube-Bin1
1,Day1,-0.3331204495113725,-0.3777018115600047,0.12231499060968144,-0.43961623261123284,-0.45322168919821537,-0.5137750237862427,-0.3820791003866137,-0.45891533311970245,-0.4402138485926832,-0.6932928905407496,-0.2912063237047026,8.456222501752068,-0.48641350435652536,-0.41574697683143685,-0.27001877066714564,-0.39576990961299163,-0.36957021287438957,-0.43807713410664323,-0.4069562634288029
1,Day2,-0.3331204495113725,-0.3777018115600047,-0.11138653344810621,-0.3988465465708489,-0.45322168919821537,-0.4669540812500864,-0.3820791003866137,-0.45891533311970245,-0.4402138485926832,-0.685800485274567,-0.2912063237047026,1.1869182821209239,-0.7298156632833401,-0.41574697683143685,-0.27001877066714564,-0.2188293338311118,-0.36957021287438957,-0.4344403926349308,-0.35923017984591793
1,Day3,-0.3331204495113725,-0.3777018115600047,-0.1424798692669535,-0.355164740099009,-0.45322168919821537,-0.7020342302337045,-0.3820791003866137,-0.45891533311970245,-0.4402138485926832,-0.7137721316016485,-0.28302153935649815,0.14709583197862763,-0.6838621436519291,-0.41574697683143685,-0.27001877066714564,-0.39576990961299163,-0.36957021287438957,-0.43807713410664323,-0.4342283111904515
1,Day4,4.625954203408735,-0.3115493468487642,-0.1424798692669535,0.1719290579945258,-0.45322168919821537,-0.4129799391597951,-0.3820791003866137,-0.45891533311970245,-0.4269239378259552,-0.5943931410271398,-0.2912063237047026,4.315838563912743,-0.38137688805615716,-0.41574697683143685,-0.27001877066714564,-0.39576990961299163,-0.36957021287438957,-0.2501788247348358,1.1202784112235165
1,Day5,-0.3331204495113725,-0.3777018115600047,-0.1424798692669535,1.365898434891483,-0.45322168919821537,-0.44094244650777736,-0.3820791003866137,-0.45891533311970245,2.6962050923551204,-0.715270612654885,-0.2912063237047026,-0.08922745214462155,-0.848991824085681,0.3828781961649918,-0.27001877066714564,-0.3426877368784277,-0.36957021287438957,-0.43807713410664323,-0.30059527715837353
2,Day1,-0.3331204495113725,-0.3777018115600047,-0.1083775009495081,0.06709272246211004,-0.45322168919821537,-0.16912086345064767,4.1833797367214,-0.3447805541866483,-0.4402138485926832,1.0109795606735752,-0.2912063237047026,-0.27828607944322087,2.658625179867961,-0.21375278787683663,-0.27001877066714564,-0.39576990961299163,-0.36957021287438957,-0.39201174213161943,-0.1296904445187092
2,Day2,-0.3331204495113725,-0.3777018115600047,-0.130443739272561,-0.43961623261123284,-0.45322168919821537,-0.284872638053923,3.4760551281553695,-0.3930683452737097,-0.4402138485926832,0.01099320448041043,-0.28302153935649815,-0.27828607944322087,2.5434888889233265,-0.41574697683143685,-0.27001877066714564,-0.39576990961299163,-0.36957021287438957,-0.43807713410664323,0.09939475667913873
2,Day3,-0.3331204495113725,-0.3777018115600047,-0.12442567427536476,-0.352252619667553,-0.3221504097871887,0.3699702665837076,-0.2994047954892855,-0.4281867387915725,-0.4402138485926832,2.3386337738411234,-0.2912063237047026,-0.27828607944322087,0.40841766912545757,-0.3858219118011257,-0.27001877066714564,-0.39576990961299163,-0.36957021287438957,-0.43807713410664323,-0.010602502626177146
2,Day4,-0.3331204495113725,-0.3777018115600047,-0.1394708367683554,-0.2678011271553292,-0.2172933862583673,0.3754977389664482,0.23338516940460743,-0.23942537363305985,-0.40698907167586323,1.2622248839328967,-0.2912063237047026,-0.27828607944322087,1.0931756100067043,2.261611185099213,-0.27001877066714564,3.673863333370244,-0.36957021287438957,-0.427166909691506,0.28529921558770976
2,Day5,-0.3331204495113725,-0.3777018115600047,-0.1424798692669535,-0.372637462687745,0.29388460344463674,-0.13758175632559794,0.7018728971561339,-0.40843264243777466,-0.4402138485926832,1.424560331366852,-0.2912063237047026,-0.27828607944322087,1.092670626274491,1.611676178972143,-0.27001877066714564,-0.39576990961299163,-0.36957021287438957,-0.43807713410664323,0.6289270173844816
3,Day1,-0.3331204495113725,-0.3777018115600047,-0.1424798692669535,-0.12510722601398552,-0.45322168919821537,-0.4545985547474896,-0.3820791003866137,-0.028715012525882933,-0.4136340270592272,-0.14484882505618668,-0.2912063237047026,-0.27828607944322087,0.5397134395009178,-0.41574697683143685,-0.27001877066714564,-0.39576990961299163,-0.36957021287438957,0.6577942960360271,0.5184752239498049
3,Day2,-0.3331204495113725,-0.3777018115600047,-0.1424798692669535,-0.2619768862924172,-0.45322168919821537,-0.44777050062763346,-0.3820791003866137,0.09200446519177051,-0.3206046516921313,0.41957903832956567,-0.2912063237047026,-0.27828607944322087,-0.371277213411891,-0.02859144800178643,-0.27001877066714564,-0.39576990961299163,-0.36957021287438957,-0.09319281787258382,-0.4342283111904515
3,Day3,-0.3331204495113725,-0.3777018115600047,-0.08129620846212497,-0.017358770050113777,-0.45322168919821537,-0.28877438326526933,-0.3820791003866137,-0.2855182651252548,-0.30731474092540334,-0.5039847841485371,-0.2912063237047026,-0.27828607944322087,-0.7086063465303812,-0.15483781609841157,0.10858913780741339,-0.39576990961299163,-0.36957021287438957,0.300787508229593,0.32211648006593535
3,Day4,-0.3331204495113725,-0.3777018115600047,-0.1424798692669535,-0.06104057652195368,-0.45322168919821537,0.0032062167171498365,-0.3820791003866137,0.2258933404786225,-0.4269239378259552,-0.44354604833466443,-0.2912063237047026,-0.27828607944322087,-0.6803272575264359,-0.2567700688579089,-0.27001877066714564,-0.39576990961299163,-0.36957021287438957,3.624163089796109,0.5793827972841534
3,Day5,-0.3331204495113725,-0.3777018115600047,-0.1424798692669535,-0.2707132475867852,-0.45322168919821537,1.6536444411166595,-0.3820791003866137,-0.24820497201252556,-0.17441563325812354,-0.11188224188498344,-0.1275106367406139,-0.27828607944322087,0.6548497304455522,-0.41574697683143685,0.09596887419159475,0.6658735450782873,-0.36957021287438957,-0.03924781937551654,1.858441837305471
4,Day1,-0.3331204495113725,-0.3777018115600047,-0.13244976093829308,-0.4046707874337609,-0.45322168919821537,-0.16066708215939723,0.6191985922588057,-0.45891533311970245,-0.4402138485926832,0.2867137182759284,-0.2912063237047026,-0.27828607944322087,-0.49449324407193834,-0.12584790935029763,-0.27001877066714564,-0.39576990961299163,-0.36957021287438957,-0.21259916286047434,-0.4342283111904515
4,Day2,-0.3331204495113725,-0.3777018115600047,-0.1424798692669535,-0.29401021103843317,-0.40079317743380466,-0.44094244650777736,0.8396634053183476,-0.45891533311970245,-0.4269239378259552,-0.7042817515978173,-0.2912063237047026,-0.27828607944322087,-0.4934832766075117,-0.35589684677081457,-0.27001877066714564,-0.39576990961299163,-0.36957021287438957,-0.3120034297539466,-0.4342283111904515
4,Day3,-0.3331204495113725,-0.3777018115600047,0.12231499060968144,-0.34060413794172906,-0.45322168919821537,-0.589208764538939,3.329078586115675,-0.45891533311970245,-0.4402138485926832,-0.7172685873925337,-0.2912063237047026,-0.27828607944322087,-0.7237558584967805,-0.41574697683143685,-0.27001877066714564,-0.39576990961299163,-0.36957021287438957,-0.30836668828223424,-0.4342283111904515
4,Day4,0.9291894621410187,-0.3777018115600047,-0.045187818478947483,-0.33186777664736106,-0.40079317743380466,0.22885714810668092,0.5043731687902944,-0.45452553392996964,-0.4335688932093192,-0.009486036580488548,-0.2912063237047026,-0.27828607944322087,-0.5025729837873513,-0.2829545007594311,-0.27001877066714564,-0.39576990961299163,-0.36957021287438957,0.1644097030403779,-0.4324101746730083
4,Day5,-0.3331204495113725,-0.3777018115600047,-0.12743470677396287,-0.16296479162291344,-0.309043281846086,0.126436336308839,1.9695455722484998,-0.45891533311970245,-0.4335688932093192,-0.2097830040297688,-0.2912063237047026,-0.27828607944322087,-0.718201037442434,0.34453670659490565,-0.27001877066714564,-0.39576990961299163,-0.36957021287438957,-0.2647257906216854,-0.4342283111904515
5,Day1,-0.3331204495113725,-0.3777018115600047,-0.11238954428097227,0.13698361281705387,0.6215628019722035,-0.25365867636315215,1.5102438783744543,-0.45891533311970245,-0.4402138485926832,0.7362580342468815,-0.2912063237047026,-0.27828607944322087,-0.34400809187237236,-0.34654526394884233,-0.27001877066714564,2.6299139362571533,-0.36957021287438957,-0.43807713410664323,-0.2996862088996519
5,Day2,-0.08516671686536707,-0.2983188539065161,-0.12442567427536476,0.00011395253862218457,-0.45322168919821537,0.4489806071134713,1.2116977773563244,-0.45891533311970245,-0.4402138485926832,0.18581599402467,-0.2843856700811989,-0.27828607944322087,-0.39198154643263666,-0.3792758038257451,-0.27001877066714564,0.011193414685331955,-0.36957021287438957,-0.43807713410664323,-0.3428669511889288
5,Day3,0.4783644936937361,-0.3777018115600047,-0.130443739272561,-0.23576780240931328,-0.45322168919821537,0.1973180409816312,1.790417911637622,-0.45891533311970245,-0.4402138485926832,0.13037219505491912,-0.2912063237047026,-0.27828607944322087,-0.061217201832919496,-0.3549616884886173,-0.27001877066714564,-0.37807585203480365,-0.36957021287438957,-0.43807713410664323,-0.428319367508761
5,Day4,-0.3331204495113725,-0.3777018115600047,-0.12643169594109685,-0.2590647658609612,-0.45322168919821537,0.8719948171102724,-0.1524282534495909,-0.45891533311970245,-0.014936704057387755,-0.28570604406041866,-0.2912063237047026,-0.27828607944322087,0.19430456666701468,-0.36898906272157567,-0.27001877066714564,-0.2365233914092998,-0.36957021287438957,-0.43807713410664323,-0.3933202395479787
5,Day5,-0.3331204495113725,-0.3777018115600047,-0.13646180426975726,4.254721902895829,-0.45322168919821537,0.19309115033600596,-0.2259165244694382,-0.45891533311970245,-0.4402138485926832,-0.18880426928445765,-0.2912063237047026,-0.27828607944322087,-0.18241329756411356,-0.41574697683143685,-0.27001877066714564,-0.39576990961299163,-0.36957021287438957,-0.43807713410664323,-0.4342283111904515
6,Day1,-0.3331204495113725,-0.3777018115600047,-0.1424798692669535,-0.11928298515107355,1.2507049431451316,-0.6711454139772125,-0.3820791003866137,-0.45891533311970245,-0.4402138485926832,-0.7232625116054797,-0.2912063237047026,0.4212308415615966,-0.8166728652240293,-0.41574697683143685,-0.27001877066714564,-0.39576990961299163,-0.36957021287438957,-0.43807713410664323,-0.4342283111904515
6,Day2,-0.3331204495113725,1.3290317779900014,-0.1424798692669535,-0.43961623261123284,4.422629904891977,-0.6282262166524025,-0.3820791003866137,-0.45891533311970245,-0.4402138485926832,-0.7232625116054797,-0.2912063237047026,0.2951917566958638,-0.8530316939433875,-0.41574697683143685,-0.27001877066714564,-0.39576990961299163,-0.36957021287438957,-0.43807713410664323,-0.4342283111904515
6,Day3,-0.3331204495113725,-0.3777018115600047,-0.1424798692669535,-0.43961623261123284,-0.3221504097871887,-0.6334285436008644,-0.3820791003866137,-0.45891533311970245,-0.4402138485926832,-0.7232625116054797,-0.2912063237047026,0.5283640636974696,-0.8530316939433875,-0.41574697683143685,-0.27001877066714564,-0.39576990961299163,-0.36957021287438957,0.15349947862524072,-0.4342283111904515
6,Day4,-0.3331204495113725,-0.3777018115600047,-0.1424798692669535,-0.43961623261123284,-0.45322168919821537,-0.5001189155465304,-0.3820791003866137,-0.45891533311970245,-0.4402138485926832,-0.7232625116054797,-0.2912063237047026,0.7048187825094957,-0.8378821819769882,-0.41574697683143685,-0.27001877066714564,-0.39576990961299163,-0.36957021287438957,-0.39928522507504427,-0.4342283111904515
6,Day5,-0.3331204495113725,-0.23216638919527552,-0.1424798692669535,-0.352252619667553,-0.45322168919821537,-0.7433277003871201,-0.3820791003866137,-0.45891533311970245,-0.4402138485926832,-0.7232625116054797,-0.2912063237047026,1.019916494673828,-0.8449519542279745,-0.41574697683143685,-0.27001877066714564,-0.39576990961299163,-0.36957021287438957,-0.43807713410664323,-0.4342283111904515
7,Day1,-0.3331204495113725,-0.3777018115600047,-0.09232932762365144,-0.43961623261123284,-0.45322168919821537,-0.5378357859228786,1.16576760796892,-0.25259477120225843,-0.4402138485926832,-0.5114771894147196,-0.2912063237047026,-0.27828607944322087,-0.8257625724038689,-0.41574697683143685,-0.27001877066714564,-0.39576990961299163,0.18850166993050607,0.13470964768805999,-0.4342283111904515
7,Day2,-0.3331204495113725,-0.3777018115600047,-0.011085450161502072,-0.43961623261123284,-0.45322168919821537,-0.4903645525181646,-0.3820791003866137,-0.45672043352483604,-0.4402138485926832,-0.4780111125591042,0.0061741742800585616,-0.27828607944322087,-0.8060682068475498,-0.41574697683143685,-0.27001877066714564,0.2766042783581517,-0.19814245588590745,-0.3853443827668134,-0.4342283111904515
7,Day3,2.95790182015379,-0.3777018115600047,-0.11640158761243642,-0.43961623261123284,-0.11243636272954596,-0.09888944964641322,2.6309400114271257,-0.45891533311970245,-0.4402138485926832,-0.427562250433475,-0.22299978746966564,-0.27828607944322087,-0.8217227025461623,-0.11462600996393096,-0.27001877066714564,-0.39576990961299163,0.13539633216776975,0.5620267706142671,-0.4324101746730083
7,Day4,-0.3331204495113725,-0.3777018115600047,-0.1424798692669535,-0.43961623261123284,-0.45322168919821537,0.05262832272753705,-0.3820791003866137,-0.45891533311970245,-0.38705420552577124,-0.34464629882105474,-0.2912063237047026,-0.27828607944322087,0.12663674655043133,-0.41574697683143685,-0.27001877066714564,-0.39576990961299163,-0.16460224256207398,-0.2659380377789229,-0.4342283111904515
7,Day5,-0.3331204495113725,-0.3777018115600047,-0.10235943595231185,-0.43961623261123284,-0.45322168919821537,-0.23480024117497805,-0.3820791003866137,-0.45891533311970245,-0.3604743839923153,-0.4795095936123407,-0.27483675500829374,-0.27828607944322087,-0.8096030929730429,-0.41574697683143685,-0.27001877066714564,-0.39576990961299163,-0.2913097151187782,0.9026682217979954,-0.4342283111904515
8,Day1,-0.3331204495113725,-0.3115493468487642,-0.060232980971938105,-0.43961623261123284,-0.45322168919821537,1.7388325448977218,-0.3820791003866137,-0.41501734122237394,-0.4003441162924992,-0.7232625116054797,-0.2912063237047026,-0.27828607944322087,-0.2248319310700315,-0.41574697683143685,-0.27001877066714564,-0.14805310351835987,1.3987443673654967,-0.43807713410664323,-0.4342283111904515
8,Day2,-0.3331204495113725,-0.3777018115600047,-0.08831728429218727,-0.2648890067238732,-0.42700743331601,0.544898510225736,-0.3820791003866137,-0.45891533311970245,-0.38705420552577124,-0.7232625116054797,0.8082830404040934,-0.27828607944322087,1.2103318358801918,-0.36337811302839235,-0.27001877066714564,-0.25421744898748777,1.458371413274534,-0.43807713410664323,-0.05241964252737161
8,Day3,-0.24295545582191597,-0.3777018115600047,0.15441133726139478,-0.43961623261123284,-0.3221504097871887,1.1119521476080736,-0.3820791003866137,-0.45891533311970245,-0.4136340270592272,-0.7232625116054797,-0.2912063237047026,-0.27828607944322087,-0.22584189853445813,-0.40452507744507016,-0.27001877066714564,-0.25421744898748777,1.1583728385446903,-0.43807713410664323,-0.4342283111904515
8,Day4,-0.3331204495113725,-0.15278343154178686,-0.1424798692669535,-0.3143950540586251,-0.45322168919821537,0.5855416895105939,-0.3820791003866137,-0.4523306343351032,-0.2807349193919474,-0.7232625116054797,-0.2912063237047026,-0.27828607944322087,-0.4232905378298618,-0.41574697683143685,-0.27001877066714564,-0.28075853535476974,1.2086831585304405,-0.43807713410664323,-0.4342283111904515
8,Day5,0.004998276824089433,-0.35124082567550846,-0.13846782593548934,-0.358076860530465,0.1497061960925074,-0.04946734363602601,-0.3820791003866137,-0.45891533311970245,-0.2608000532418554,-0.7232625116054797,-0.2148150031214612,-0.27828607944322087,-0.08040658365702523,-0.39891412775188684,-0.27001877066714564,0.7012616602346633,0.8024739082751241,-0.43807713410664323,-0.10423653327450388
9,Day1,-0.3331204495113725,1.6994855803729483,-0.044184807646081445,8.51224197368449,0.43806301079676613,-0.1990342434043031,-0.24428859222440003,6.57793276802206,-0.4269239378259552,0.1808210571805483,-0.2912063237047026,-0.27828607944322087,-0.6823471924552892,3.483863059930984,-0.27001877066714564,1.8690694603950702,-0.36957021287438957,1.0445011391947792,0.9057383021652146
9,Day2,-0.3331204495113725,3.6179070569989236,0.208573922236161,-0.1949981163689294,1.9322755960824705,-0.38501743181181286,0.5273382534839967,5.572668753573237,-0.04151652559084372,1.777202872561844,-0.2912063237047026,-0.27828607944322087,-0.8156628977596027,3.0667824660710226,-0.27001877066714564,0.5420151420309715,0.5621023794543176,0.09652386223507976,-0.4342283111904515
9,Day3,-0.3331204495113725,1.1570353697407758,0.0922246656237002,0.16610481713161382,1.0147766402052836,-0.4266360473995074,-0.27184669385684274,2.0388804058382903,-0.4402138485926832,-0.18081237033386294,-0.0756736692019858,-0.27828607944322087,-0.7782941015758178,1.0468405765250202,-0.27001877066714564,-0.39576990961299163,-0.36957021287438957,-0.25987680199273555,-0.4342283111904515
9,Day4,-0.3331204495113725,0.7336595955888364,-0.11138653344810621,0.0379715181475501,1.5390617578493904,0.17553329688494734,0.09100164430365329,0.40587510725766945,-0.2873798747753114,0.044958775020438005,3.368756410667381,-0.27828607944322087,-0.7560748173584322,3.7241987384556703,-0.27001877066714564,-0.3426877368784277,-0.36957021287438957,0.24078127394633836,-0.4328647088023691
9,Day5,-0.3331204495113725,-0.16601392448403496,-0.09333233845651748,0.003026072970078178,0.8574911049120516,-0.4695552447243173,2.1991964191855224,0.2654015331862182,-0.37376429475904327,0.25724359089561033,0.8246526091005022,-0.27828607944322087,-0.7192110049068606,1.6808778918547376,-0.27001877066714564,0.04658152984170792,-0.36957021287438957,0.24320576826081328,-0.430592038155565
10,Day1,-0.3331204495113725,-0.3777018115600047,-0.1424798692669535,0.7572652647171804,0.7657412093243329,-0.7641370081809674,-0.3820791003866137,-0.16699368700246778,0.9552267819137549,-0.7232625116054797,0.25990248907439606,-0.09237842926626487,-0.8530316939433875,-0.41574697683143685,-0.27001877066714564,-0.36038179445661567,-0.36957021287438957,-0.4071648315970878,5.821070377073007
10,Day2,-0.3331204495113725,-0.3777018115600047,-0.12241965260963268,-0.3988465465708489,-0.42700743331601,-0.7641370081809674,-0.3820791003866137,-0.3864836464891104,2.257638037053097,-0.7232625116054797,-0.2912063237047026,-0.27513510232157756,-0.8530316939433875,-0.41574697683143685,-0.27001877066714564,-0.39576990961299163,-0.36957021287438957,-0.32473202490494,4.852458147405122
10,Day3,-0.3331204495113725,-0.3777018115600047,-0.1424798692669535,-0.43961623261123284,-0.45322168919821537,-0.7641370081809674,-0.3820791003866137,-0.45891533311970245,0.05151284977625215,-0.7232625116054797,-0.2912063237047026,-0.27828607944322087,-0.8530316939433875,-0.41574697683143685,-0.27001877066714564,-0.39576990961299163,-0.36957021287438957,-0.16410927657097565,4.7274612618309
10,Day4,-0.3331204495113725,-0.3777018115600047,-0.052208894309009775,-0.3988465465708489,1.0934194078518997,-0.7641370081809674,-0.3820791003866137,-0.45891533311970245,0.13125231437662005,-0.7232625116054797,0.09620680211030735,-0.19005872003720786,-0.8530316939433875,-0.41574697683143685,-0.27001877066714564,-0.39576990961299163,-0.36957021287438957,2.5695080629995126,2.8575078536405303
10,Day5,-0.3331204495113725,-0.3777018115600047,-0.12041363094390059,-0.42214351002249684,-0.13865061861175132,-0.7641370081809674,-0.3820791003866137,-0.45891533311970245,0.0913825820764361,-0.7232625116054797,-0.2912063237047026,-0.27828607944322087,-0.8530316939433875,-0.41574697683143685,-0.27001877066714564,-0.39576990961299163,-0.36957021287438957,0.7268923839985627,4.518375562324928
11,Day1,-0.3331204495113725,-0.3777018115600047,0.2948328538626406,-0.3173071744900811,0.5953485460899981,-0.4812604803583564,-0.3820791003866137,-0.45891533311970245,-0.4402138485926832,-0.7232625116054797,0.9201417598295539,4.511199145454629,0.9305708482340187,-0.41574697683143685,-0.27001877066714564,-0.39576990961299163,-0.36957021287438957,-0.43807713410664323,4.052023545600737
11,Day2,-0.3331204495113725,-0.3777018115600047,-0.1424798692669535,-0.4046707874337609,-0.45322168919821537,-0.553442766768264,-0.3820791003866137,-0.45013573474023677,-0.3471844732255873,-0.7232625116054797,-0.28302153935649815,3.477678649555619,0.19329459920258807,-0.41574697683143685,-0.27001877066714564,0.5243210844527835,1.978244719793953,-0.43807713410664323,-0.42604669686195695
11,Day3,-0.3331204495113725,-0.3777018115600047,-0.11138653344810621,0.5097350280434211,-0.45322168919821537,-0.5934356551845642,-0.3820791003866137,-0.41721224081724034,-0.4335688932093192,-0.7232625116054797,-0.08658671499959171,1.6217531249077026,0.787155468285439,0.36323987223885007,-0.27001877066714564,-0.39576990961299163,1.0558888533885324,-0.43807713410664323,1.154823005054938
11,Day4,-0.3331204495113725,-0.3777018115600047,-0.12041363094390059,0.2563805505067496,0.08417055638699406,-0.21431607881540968,-0.3820791003866137,-0.2591794699868577,-0.1877055440248515,1.0968924743924684,-0.02656496311275918,2.3779876341021002,0.4063977341966043,-0.2726677596552617,-0.27001877066714564,-0.39576990961299163,2.757123006980752,-0.43807713410664323,0.2821174766821841
11,Day5,-0.3331204495113725,-0.3777018115600047,-0.1424798692669535,-0.42214351002249684,-0.45322168919821537,-0.5410872402656672,-0.3820791003866137,-0.4237969396018397,-0.4402138485926832,-0.7232625116054797,-0.24482587906487746,7.019376934282714,0.1135071695128853,0.21080907224070272,-0.27001877066714564,-0.04188875804923199,1.942841161285462,-0.43807713410664323,-0.3696844648212166
12,Day1,2.2816643674828665,-0.3777018115600047,-0.026130612654492694,-0.38137382398211295,1.670133037260417,-0.26861536633997984,-0.1616142873270718,0.28735052913488246,-0.3604743839923153,-0.16882452190797084,-0.2912063237047026,-0.27828607944322087,0.5750623007558494,-0.4101360271382535,-0.27001877066714564,1.3382477330494307,-0.36957021287438957,-0.43807713410664323,-0.4342283111904515
12,Day2,-0.3331204495113725,-0.3777018115600047,-0.05822695930620602,-0.43961623261123284,0.6477770578544088,-0.6555384331318271,-0.3820791003866137,-0.41062754203264107,-0.37376429475904327,0.8211719605969505,-0.2912063237047026,-0.27828607944322087,-0.24705121528741708,-0.3334530479980812,-0.27001877066714564,1.9221516331296342,-0.36957021287438957,-0.43807713410664323,-0.4342283111904515
12,Day3,-0.3331204495113725,-0.3777018115600047,-0.11238954428097227,-0.37554958311920095,0.9885623843230783,8.75286985316136,1.1703606249076604,-0.3930683452737097,2.523436252387657,0.6753198047485968,-0.2912063237047026,-0.27828607944322087,-0.5157025608248973,-0.374600012414759,-0.27001877066714564,0.3119923935145276,-0.36957021287438957,-0.43807713410664323,-0.4324101746730083
12,Day4,2.3492881127499587,-0.35124082567550846,-0.08129620846212497,-0.42505563045395284,5.851306850472168,-0.608392345161392,0.490594117974073,-0.39087344567884325,0.05151284977625215,0.2752253635344485,-0.1206899831171102,-0.27828607944322087,-0.18847310235067327,-0.31194440750754504,-0.27001877066714564,3.6650163045811506,-0.36957021287438957,-0.43807713410664323,-0.37513887437354626
12,Day5,-0.22041420739955184,-0.27185786802201983,0.09523369812229833,-0.28236172931260917,0.3987416269734581,-0.655863578566106,0.2150131016496456,-0.3711193493250454,-0.40698907167586323,0.8236694290190113,-0.2912063237047026,-0.27828607944322087,-0.03697798268668068,-0.295111558427995,-0.27001877066714564,0.09966370257627187,-0.36957021287438957,-0.43807713410664323,-0.3910475689011746
13,Day1,-0.3331204495113725,0.42935825791712995,0.20456187890469685,0.10786240850249394,0.8574911049120516,1.7440348718461836,0.4171058469542257,-0.45891533311970245,-0.4402138485926832,0.47352435624608,-0.2284563103684686,-0.27828607944322087,2.2455484869174747,2.851696061165661,-0.27001877066714564,0.1527458753108358,3.0459415106026513,-0.3471585973138332,-0.4342283111904515
13,Day2,-0.2880379526666442,1.0379609332605428,0.13635714226980603,-0.28236172931260917,1.5390617578493904,2.0958422317359138,0.15071086450727922,-0.45891533311970245,-0.29402483015867537,-0.14684679979383536,-0.2912063237047026,-0.27828607944322087,2.6313560583284423,0.7251461274491754,-0.27001877066714564,-0.37807585203480365,1.337253976271802,-0.43807713410664323,-0.4342283111904515
13,Day3,-0.3331204495113725,-0.09986145977279443,-0.1424798692669535,-0.43961623261123284,1.1458479196163103,0.3153458336248586,0.29768740654697384,-0.0770028036129443,-0.028226614824115738,0.9730180406582503,-0.2912063237047026,-0.27828607944322087,1.6042191470065725,1.6771372587259485,-0.27001877066714564,-0.39576990961299163,1.7304198102345165,-0.43807713410664323,-0.4342283111904515
13,Day4,-0.3331204495113725,0.6212004055797276,-0.1254286851082308,0.3058865978415015,0.923026744617565,1.0739101317974464,0.03588544103876781,-0.45891533311970245,-0.29402483015867537,0.8831091774640596,-0.2912063237047026,-0.27828607944322087,1.7319800312565397,0.00039845874632748985,-0.27001877066714564,-0.39576990961299163,2.3192368885862598,-0.43807713410664323,-0.38650222760756653
13,Day5,-0.3331204495113725,-0.12632244565729064,-0.1424798692669535,-0.33186777664736106,0.1890275799158154,0.36119133985817825,0.15989689838476012,-0.45891533311970245,-0.4202789824425912,0.4915061288849182,-0.26119544776128634,-0.27828607944322087,-0.29098479998997495,-0.11556116824612818,-0.27001877066714564,3.081112404500947,1.3558874281183761,-0.43807713410664323,-0.4342283111904515
14,Day1,-0.3331204495113725,-0.3777018115600047,-0.030142655985956862,0.8824864432697881,0.22834896373912342,-0.5957116732245162,-0.3820791003866137,0.8536346246104204,1.3805039264490502,-0.36962098304166324,0.26535901197319905,-0.27828607944322087,0.9457203602004179,-0.41574697683143685,0.4871970462819724,-0.39576990961299163,-0.36957021287438957,-0.43807713410664323,-0.2451421133763548
14,Day2,-0.3331204495113725,-0.3777018115600047,-0.0963413709551156,1.5231529381901068,-0.08622210684734063,-0.2601615850487294,-0.3820791003866137,-0.4457459355505039,-0.4402138485926832,-0.7032827642289929,-0.09204323789839466,0.610289468860196,0.5427433418941977,0.8504573372636033,1.2317925996152717,-0.39576990961299163,-0.36957021287438957,-0.43807713410664323,-0.4342283111904515
14,Day3,-0.3331204495113725,-0.0734004738882982,0.3148930705199614,1.5173286973271947,4.186701601952129,-0.41623139350258376,-0.3820791003866137,2.117896791253482,-0.4269239378259552,-0.4425470609658401,0.8874026224367362,1.7194334156786457,1.801162802569763,0.6110568170211141,4.399478767185749,0.3119923935145276,-0.36957021287438957,-0.43807713410664323,-0.4342283111904515
14,Day4,-0.3331204495113725,-0.3777018115600047,-0.00907942849576999,-0.014446649618657782,0.1103848122691994,-0.14180864697122317,-0.3820791003866137,1.088488881261128,-0.4402138485926832,0.10439852346548625,-0.2502824019636804,-0.2530782624700743,0.0084705532125171,1.2245206501424926,0.02655742430459227,-0.10381795957288993,-0.36957021287438957,-0.43807713410664323,0.040305319862233506
14,Day5,-0.3331204495113725,-0.3777018115600047,-0.11439556594670434,-0.43961623261123284,-0.28282902596388065,-0.23675111378065122,-0.3820791003866137,1.4616218123884204,-0.4335688932093192,0.21129017192969068,-0.2571030555871841,1.3444671382030902,-0.015768665933721716,-0.391432861494309,-0.042854025582410214,-0.39576990961299163,-0.36957021287438957,-0.43807713410664323,-0.08150982680646342
15,Day1,-0.3331204495113725,-0.3777018115600047,-0.1424798692669535,-0.3056586927642571,-0.45322168919821537,-0.15611504607949314,-0.3820791003866137,-0.45891533311970245,-0.4402138485926832,-0.23076173877507994,-0.2912063237047026,-0.27828607944322087,-0.6015497953011597,-0.41574697683143685,-0.27001877066714564,-0.39576990961299163,-0.36957021287438957,-0.1544112993130759,-0.4342283111904515
15,Day2,-0.3331204495113725,0.45581924380162614,0.20255585723896477,-0.2648890067238732,1.8274185725536491,1.0625300415976864,0.09559466124239374,-0.45891533311970245,-0.4402138485926832,3.6792748228033885,-0.28847806225530115,-0.27828607944322087,-0.4015762373446895,-0.41574697683143685,-0.27001877066714564,-0.3249936793002397,-0.36957021287438957,-0.08046422272159041,-0.4342283111904515
15,Day3,-0.3331204495113725,-0.3777018115600047,-0.04217878598034936,-0.002798167892833809,-0.45322168919821537,0.1742327151478319,-0.3728930665091328,-0.45891533311970245,-0.4402138485926832,1.9420357884178603,-0.2912063237047026,-0.27828607944322087,-0.038997917615533916,-0.41574697683143685,-0.27001877066714564,-0.39576990961299163,-0.36957021287438957,-0.31806466554013396,-0.4342283111904515
15,Day4,-0.3331204495113725,-0.3181645933198882,-0.1344557826040252,-0.16005267119145747,-0.45322168919821537,-0.2227698601066601,-0.2764397107955832,-0.45891533311970245,-0.4402138485926832,0.7042904384445027,-0.2871139315306004,-0.27828607944322087,-0.2667455808437361,-0.4148118185492396,-0.27001877066714564,-0.39576990961299163,-0.36957021287438957,0.02439515637945048,-0.4342283111904515
15,Day5,-0.3331204495113725,-0.17262917095515903,-0.11640158761243642,-0.1425799486027215,0.2021347078569181,0.028892706025180032,-0.12946316875588862,-0.45891533311970245,-0.4402138485926832,1.087402094388637,-0.2912063237047026,-0.27828607944322087,-0.5424666986322026,-0.39330317805870346,-0.27001877066714564,0.020040443474425945,-0.36957021287438957,-0.12774186185385164,-0.42695576512067857
16,Day1,-0.3331204495113725,-0.3777018115600047,-0.1424798692669535,-0.38137382398211295,-0.13865061861175132,2.274021929720731,-0.19835842283699545,-0.45891533311970245,-0.10796607942448364,-0.046948062911401314,-0.2912063237047026,-0.27828607944322087,4.3907193813596095,4.3404680464236405,-0.27001877066714564,-0.02419470047104401,-0.36957021287438957,1.251795403082386,-0.4342283111904515
16,Day2,-0.3331204495113725,-0.23216638919527552,-0.1424798692669535,-0.3988465465708489,-0.24350764214057266,2.4229385386204503,-0.005451711409896297,-0.45891533311970245,0.47678999431154756,-0.3226685767069193,-0.2912063237047026,-0.27828607944322087,3.455489509300562,-0.2492888026003311,-0.27001877066714564,-0.28960556414386374,-0.36957021287438957,0.2286588023739637,-0.18787081307689282
16,Day3,-0.3331204495113725,-0.3777018115600047,-0.10035341428657976,-0.38719806484502495,-0.3221504097871887,1.8363761751813807,-0.14324221957210997,-0.45891533311970245,-0.33389456245885935,-0.6663202315824923,-0.2912063237047026,-0.27828607944322087,2.5283393769569273,-0.4101360271382535,-0.27001877066714564,-0.28960556414386374,-0.36957021287438957,0.1644097030403779,-0.4342283111904515
16,Day4,-0.3331204495113725,-0.3777018115600047,-0.08731427345932123,-0.43961623261123284,-0.45322168919821537,0.932471867886141,0.2701293049145311,-0.45891533311970245,-0.14119085634130357,-0.26073135983981016,-0.2912063237047026,-0.27828607944322087,2.6348909444539355,0.049026689420583094,-0.27001877066714564,1.170154186056645,-0.36957021287438957,-0.23684410600522368,-0.43150110641428663
16,Day5,-0.1077079652877312,-0.3777018115600047,-0.11740459844530247,-0.363901101393377,-0.348364665669394,0.7484395520843043,-0.2856257446730641,-0.45891533311970245,-0.31395969630876736,-0.4125774399011099,-0.2912063237047026,-0.27828607944322087,1.2764847048001353,-0.41574697683143685,-0.27001877066714564,0.03773450105261393,-0.36957021287438957,0.009242066913982142,-0.4342283111904515
17,Day1,-0.3331204495113725,1.1173438909140316,-0.012088460994368114,-0.13093146687689752,1.040990896087489,-0.05271879797881464,1.3448952685797977,0.5463486813291207,-0.4402138485926832,1.183804375480186,0.022543742976467433,-0.27828607944322087,0.4245771485562834,-0.4101360271382535,-0.27001877066714564,-0.39576990961299163,-0.36957021287438957,-0.43807713410664323,-0.4342283111904515
17,Day2,0.1627870157806383,-0.3777018115600047,0.4192061971380297,-0.34060413794172906,-0.45322168919821537,0.029217851459458894,-0.3820791003866137,0.09419936478663694,-0.30731474092540334,2.011964904235564,0.3144677180624256,-0.27828607944322087,-0.01677863339814833,-0.408265710573859,-0.27001877066714564,-0.39576990961299163,-0.36957021287438957,-0.43807713410664323,1.031189721868798
17,Day3,-0.3331204495113725,-0.3777018115600047,-0.12843771760682893,-0.43961623261123284,-0.45322168919821537,0.3277013601274554,-0.023823779164858123,0.1337075574942326,0.3837606189444517,1.2397476681343491,-0.2857498008058996,-0.27828607944322087,-0.17029368799099417,-0.3072686160965589,-0.27001877066714564,-0.39576990961299163,-0.36957021287438957,-0.43807713410664323,-0.30423155019326004
17,Day4,-0.3331204495113725,-0.3777018115600047,-0.1344557826040252,-0.1746132733487374,-0.42700743331601,-0.12360050265160683,-0.3820791003866137,0.02835237694064415,0.47678999431154756,0.3136863772341856,-0.07840193065138727,-0.27828607944322087,-0.04556270613430693,-0.40452507744507016,-0.27001877066714564,-0.39576990961299163,-0.36957021287438957,-0.43807713410664323,0.11803065598293191
17,Day5,-0.3331204495113725,-0.3777018115600047,-0.018106525991564364,-0.026095131344481756,-0.42700743331601,-0.0823070324981912,0.7156519479723553,-0.1933324821408649,-0.3604743839923153,0.9395519638026348,0.07165244906569405,-0.27828607944322087,-0.04354277120545369,-0.4101360271382535,-0.27001877066714564,-0.39576990961299163,-0.36957021287438957,-0.43807713410664323,0.5439291351940103
18,Day1,-0.3331204495113725,-0.3777018115600047,0.009977777328684798,2.2220618417395452,-0.45322168919821537,-0.7641370081809674,2.3369869273477364,-0.3272213574277169,-0.37376429475904327,-0.7232625116054797,1.7686310705934138,-0.27828607944322087,-0.8449519542279745,-0.41574697683143685,-0.27001877066714564,-0.3072996217220517,-0.36957021287438957,-0.43807713410664323,-0.4342283111904515
18,Day2,-0.3331204495113725,-0.3777018115600047,-0.1424798692669535,3.0840494894505195,-0.269721898022778,-0.7608855538381788,-0.3820791003866137,0.1995545453402254,-0.4402138485926832,-0.7232625116054797,0.03345678877407335,-0.27828607944322087,-0.8479818566212544,-0.18569803941091992,-0.27001877066714564,-0.39576990961299163,-0.36957021287438957,-0.43807713410664323,-0.4342283111904515
18,Day3,-0.3331204495113725,-0.3777018115600047,-0.1424798692669535,0.38160172905935735,-0.45322168919821537,-0.7641370081809674,-0.3820791003866137,4.036239037166738,-0.10796607942448364,-0.7232625116054797,-0.2912063237047026,-0.27828607944322087,-0.7399153379276063,-0.41574697683143685,-0.27001877066714564,-0.36038179445661567,-0.36957021287438957,-0.43807713410664323,-0.19150708611177927
18,Day4,-0.3331204495113725,-0.3777018115600047,-0.1424798692669535,-0.16005267119145747,1.473526118143877,-0.7586095357982268,-0.3820791003866137,0.16882595101209544,0.05815780515961615,-0.7232625116054797,-0.2557389248624834,-0.27828607944322087,-0.7929386298100037,0.8018291065893477,-0.27001877066714564,-0.39576990961299163,-0.36957021287438957,-0.43807713410664323,-0.4342283111904515
18,Day5,-0.3331204495113725,-0.3115493468487642,-0.14047384760122142,6.619363693238095,1.4210976063794662,-0.7625112810095731,-0.3820791003866137,1.773297554859453,-0.4269239378259552,-0.7232625116054797,-0.27483675500829374,-0.27828607944322087,-0.6687126316855299,-0.3942383363409007,-0.27001877066714564,-0.39576990961299163,-0.36957021287438957,-0.43807713410664323,-0.428319367508761
19,Day1,-0.3331204495113725,-0.35124082567550846,0.07918552479644166,1.1504015229637394,-0.45322168919821537,0.06335812205873953,-0.3820791003866137,-0.21308657849466273,-0.06145139174093569,1.7782018599306686,-0.2843856700811989,-0.27828607944322087,0.7144378108467226,-0.3774054872613507,0.4556463872424258,-0.39576990961299163,-0.36957021287438957,-0.3417034851062646,-0.4342283111904515
19,Day2,-0.3331204495113725,-0.3777018115600047,-0.09232932762365144,-0.3173071744900811,-0.45322168919821537,0.20154493162725642,-0.3820791003866137,0.33783321981681025,-0.10132112404111963,1.885593002079285,-0.14660846688642423,-0.27828607944322087,0.63162047876374,-0.408265710573859,-0.055474289198228846,-0.39576990961299163,-0.36957021287438957,-0.31624629480427774,-0.4342283111904515
19,Day3,3.7243042665141703,0.045673962591934764,-0.08229921929499102,-0.39302230570793695,-0.45322168919821537,-0.5950613823559585,-0.3820791003866137,0.181995348581294,0.4502101727780916,3.500456083783831,0.16168507689594283,-0.27828607944322087,0.5821320730068358,-0.11462600996393096,-0.27001877066714564,-0.39576990961299163,-0.36957021287438957,0.11591981675087924,-0.4342283111904515
19,Day4,-0.24295545582191597,-0.3777018115600047,0.022013907323077297,-0.2299435615464013,-0.45322168919821537,0.4785688416328479,-0.3820791003866137,3.658716306849713,-0.4136340270592272,4.502440414714645,-0.02929322456216066,-0.27828607944322087,0.7760458261767462,0.24073413727101384,0.3105133556605115,-0.14805310351835987,-0.36957021287438957,0.25775273414766287,-0.4342283111904515
19,Day5,-0.3331204495113725,-0.3777018115600047,0.1965377922417685,-0.2590647658609612,-0.45322168919821537,0.0012553441114766571,-0.3820791003866137,5.967750680649194,-0.2807349193919474,3.451505702711439,-0.2857498008058996,-0.27828607944322087,4.998719794944433,0.12103387714976928,0.5502983643610656,-0.39576990961299163,-0.36957021287438957,-0.4186811795908437,0.5348384526067941
20,Day1,-0.3331204495113725,2.890229945175278,0.018001863991613132,-0.05521633565904169,0.46427726667897146,0.5468493828314092,-0.042195846919819945,-0.45891533311970245,-0.4402138485926832,-0.7232625116054797,0.39358730009506854,-0.27828607944322087,0.6881786567716306,-0.07908999524043649,-0.27001877066714564,-0.39576990961299163,-0.36957021287438957,3.6193141011671592,-0.4342283111904515
20,Day2,-0.3331204495113725,0.8924255108958138,-0.12442567427536476,0.37577748819644535,-0.08622210684734063,4.094186070813808,-0.2810327277343237,-0.45891533311970245,-0.4402138485926832,-0.7232625116054797,0.036185050223474825,-0.27828607944322087,0.7376670625285348,-0.21562310444123106,-0.27001877066714564,-0.39576990961299163,-0.36957021287438957,1.7670004449083094,-0.4342283111904515
20,Day3,0.5234469905384644,0.07213494847643098,-0.11238954428097227,1.7357377296863943,0.5167057784433822,1.4377478727554944,-0.17998635508203364,-0.45891533311970245,-0.3604743839923153,-0.7232625116054797,-0.2912063237047026,-0.27828607944322087,0.061998828827127817,0.031258682058835856,-0.27001877066714564,-0.37807585203480365,-0.36957021287438957,3.165327540781728,-0.4342283111904515
20,Day4,0.7263182263397415,-0.09986145977279443,-0.053211905141875813,1.0717742713144276,0.07106342844589139,0.8033891304774323,-0.20754445671447638,-0.45891533311970245,0.23092664512707992,-0.7232625116054797,-0.2912063237047026,-0.27828607944322087,0.5634476749149433,-0.29137092529920616,-0.27001877066714564,-0.37807585203480365,-0.36957021287438957,1.205730011107362,-0.4342283111904515
20,Day5,-0.3331204495113725,0.17797889201441586,-0.130443739272561,0.7019349765195166,0.22834896373912342,0.41158888217140205,-0.06056791467478177,-0.45891533311970245,0.7957478527130192,-0.7232625116054797,-0.06748888485378136,-0.27828607944322087,-0.029908210435694357,-0.24367785290714777,-0.27001877066714564,-0.37807585203480365,-0.36957021287438957,3.701746907859307,-0.4342283111904515
21,Day1,-0.3331204495113725,-0.3777018115600047,-0.10637147928377601,-0.3988465465708489,3.216774134310532,-0.6308273801266335,-0.3820791003866137,-0.45891533311970245,-0.4402138485926832,1.0449451312136027,-0.2912063237047026,-0.27828607944322087,0.6376802835502997,-0.21749342100562552,-0.27001877066714564,0.5774032571873474,3.3105365268240043,-0.43807713410664323,-0.4342283111904515
21,Day2,-0.3331204495113725,-0.35124082567550846,-0.1424798692669535,-0.37554958311920095,-0.45322168919821537,-0.5547433485053794,-0.033009813042339034,-0.45891533311970245,-0.4402138485926832,1.7642160367671278,-0.2912063237047026,-0.27828607944322087,2.1718208620143313,-0.41574697683143685,-0.27001877066714564,-0.39576990961299163,2.665819092932539,-0.43807713410664323,-0.4324101746730083
21,Day3,-0.3331204495113725,-0.3777018115600047,-0.1424798692669535,-0.32895565621590506,-0.45322168919821537,-0.5657982932708608,-0.3820791003866137,-0.43916123676590463,-0.4136340270592272,0.4035952404283762,-0.2011736958744538,-0.27828607944322087,-0.7828389551657375,-0.41574697683143685,-0.27001877066714564,2.5679847347334954,1.426694545135358,-0.43807713410664323,-0.4337737770610907
21,Day4,0.1402457673582742,-0.3313950862621363,-0.1344557826040252,-0.3988465465708489,-0.45322168919821537,-0.49394115229523206,-0.06975394855226269,-0.45013573474023677,2.383892189337013,1.0294608269968253,-0.2912063237047026,-0.27828607944322087,0.3700389054772461,-0.41574697683143685,-0.27001877066714564,-0.12151201715107791,1.3465707021950892,-0.43807713410664323,-0.4296829698968434
21,Day5,-0.3331204495113725,-0.3777018115600047,-0.1424798692669535,-0.363901101393377,-0.45322168919821537,-0.6080671997271131,-0.3820791003866137,-0.45891533311970245,0.47678999431154756,-0.001993631314305995,-0.2912063237047026,-0.27828607944322087,0.3013611178962361,-0.41574697683143685,-0.27001877066714564,-0.16574716109654786,0.599369283147466,-0.43807713410664323,-0.4051381269113597
22,Day1,0.1627870157806383,0.07213494847643098,-0.040172764314617276,-0.352252619667553,-0.29593615390498335,1.3284990068377964,-0.3820791003866137,0.19516474615049254,-0.4402138485926832,0.18182004454937264,0.3362938096576375,-0.27828607944322087,0.22258365567095997,-0.34093431425565895,-0.27001877066714564,-0.39576990961299163,1.8012269272514982,-0.08652545850777775,0.3357525039467596
22,Day2,6.429254077197866,-0.32477983979101227,-0.1424798692669535,-0.32895565621590506,-0.45322168919821537,2.125755611689569,-0.3820791003866137,-0.17357838578706705,-0.4402138485926832,-0.5404478231106254,0.18896769138995761,-0.27828607944322087,-0.3056293282241609,-0.374600012414759,-0.27001877066714564,-0.39576990961299163,1.4639614488285062,0.6577942960360271,-0.4342283111904515
22,Day3,-0.3331204495113725,-0.25862737507977174,-0.1424798692669535,-0.38719806484502495,-0.3221504097871887,3.1987355448098183,-0.3820791003866137,2.736858477005814,0.14454222514334802,0.6153805626191364,-0.17661934282984051,-0.27828607944322087,-0.18039336263526035,-0.4101360271382535,-0.27001877066714564,-0.39576990961299163,7.924179204035762,0.028638021429781616,2.082981697209711
22,Day4,-0.3331204495113725,0.10521118083205125,-0.06424502430340227,-0.28818597017552117,1.001669512264181,0.04092308709349797,-0.01463774528737721,0.7460845444619655,-0.4269239378259552,-0.33465642513281135,2.9840715463017724,-0.27828607944322087,0.2296534279219463,-0.4026547608806757,-0.27001877066714564,-0.39576990961299163,4.102458230303405,0.12743616474463518,1.9688936307401477
22,Day5,-0.3331204495113725,-0.3777018115600047,-0.11238954428097227,-0.38137382398211295,-0.42700743331601,-0.06962636056131553,1.1244304555202558,0.7812029379798283,-0.4402138485926832,-0.5704174441753557,-0.19844543442505233,-0.27828607944322087,-0.5980149091756666,-0.4063953940094646,-0.24477824343550836,-0.3515347656675217,0.9319763986088144,0.35230801241218535,-0.00742076372065148
23,Day1,-0.3331204495113725,-0.3777018115600047,-0.1424798692669535,-0.34642837880464106,-0.13865061861175132,0.4447537164678461,-0.3820791003866137,-0.25698457039199124,-0.4402138485926832,-0.6573293452630733,-0.2912063237047026,-0.27828607944322087,-0.4540945454948736,-0.2885654504526145,-0.27001877066714564,-0.39576990961299163,-0.36957021287438957,-0.43807713410664323,-0.4342283111904515
23,Day2,-0.017542971598274695,-0.3777018115600047,-0.12442567427536476,-0.43379199174832084,0.6215628019722035,0.868093071898926,-0.3820791003866137,-0.43257653798130535,-0.38705420552577124,-0.5054832652017736,-0.2912063237047026,-0.27828607944322087,-0.00263908889617569,-0.31100924922534784,-0.27001877066714564,-0.39576990961299163,-0.36957021287438957,-0.43807713410664323,-0.4342283111904515
23,Day3,-0.3331204495113725,-0.3777018115600047,-0.1424798692669535,-0.20664659809475336,1.434204734320569,-0.6685442505029816,0.7110589310336148,-0.44135613636077103,-0.4269239378259552,-0.7132726379172364,-0.2912063237047026,-0.27828607944322087,-0.7550648498940056,-0.41574697683143685,-0.27001877066714564,0.9666725239074829,-0.36957021287438957,-0.43807713410664323,-0.4342283111904515
23,Day4,-0.3331204495113725,-0.18585966389740713,-0.130443739272561,-0.2532405249980492,-0.12554349067064863,-0.10376663116059617,-0.3820791003866137,-0.21308657849466273,0.19105691282689596,-0.6133739010348023,-0.2912063237047026,-0.27828607944322087,-0.5227723330758836,-0.3970438111874924,-0.27001877066714564,-0.39576990961299163,-0.36957021287438957,-0.43807713410664323,-0.4342283111904515
23,Day5,-0.3331204495113725,-0.3777018115600047,-0.1424798692669535,-0.42796775088540884,-0.309043281846086,-0.29235098304233686,-0.3820791003866137,-0.20430698011519702,-0.38705420552577124,-0.591895672605079,-0.2912063237047026,-0.27828607944322087,-0.7495100288396592,-0.3970438111874924,-0.27001877066714564,-0.39576990961299163,-0.36957021287438957,-0.43807713410664323,-0.4342283111904515
24,Day1,0.5234469905384644,-0.3777018115600047,-0.1424798692669535,-0.21247083895766533,-0.45322168919821537,-0.5196276416032622,0.7110589310336148,-0.07261300442321146,-0.4402138485926832,0.7222722110833408,-0.2912063237047026,-0.27828607944322087,0.24076307003063907,-0.41574697683143685,-0.27001877066714564,0.8251200632819792,0.6124126994400678,-0.43807713410664323,1.0675524522176627
24,Day2,0.4783644936937361,-0.3777018115600047,-0.1424798692669535,0.6145713635758367,0.8837053607942569,0.9454776852572955,0.0037343224675846155,-0.45891533311970245,-0.4402138485926832,2.1807937695668778,-0.2912063237047026,-0.27828607944322087,1.0951955449355575,0.059313430524752554,-0.27001877066714564,-0.39576990961299163,5.829779216480829,-0.43807713410664323,0.8030135889296717
24,Day3,-0.3331204495113725,-0.3777018115600047,-0.1424798692669535,-0.008622408755745796,-0.45322168919821537,0.4265455721482298,2.088964012655752,-0.45891533311970245,-0.4402138485926832,3.7322211533510785,-0.2912063237047026,-0.27828607944322087,-0.43288522874191465,-0.41574697683143685,-0.27001877066714564,-0.39576990961299163,2.179485999736954,-0.43807713410664323,-0.4342283111904515
24,Day4,-0.017542971598274695,-0.3777018115600047,-0.1424798692669535,-0.13384358730835352,-0.45322168919821537,-0.17432319039910948,-0.20295143977573593,-0.3557550521609804,-0.4202789824425912,0.16383827191053452,-0.2912063237047026,-0.27828607944322087,0.1301716326759245,-0.41574697683143685,-0.27001877066714564,-0.3426877368784277,0.5285621661304842,-0.43807713410664323,-0.4192286849215448
24,Day5,0.38819950000427966,-0.3777018115600047,-0.1424798692669535,0.014674554695902151,-0.45322168919821537,-0.4598008816959514,1.5653600816393396,-0.09456200037187572,-0.4269239378259552,0.10739548557195928,-0.28847806225530115,-0.27828607944322087,3.129270018290765,-0.41574697683143685,-0.27001877066714564,-0.25421744898748777,2.1161322634586015,-0.43807713410664323,-0.22332447516703594
25,Day1,-0.3331204495113725,0.9718084685493024,-0.14047384760122142,-0.369725342256289,-0.37457892155159933,0.6658526117774731,-0.3820791003866137,-0.45891533311970245,-0.4402138485926832,1.327658556590891,-0.22027152602026417,-0.27828607944322087,1.0881257726845712,5.0380961249427685,5.573163283456882,0.18813399046721177,-0.36957021287438957,3.915102407533101,0.8711937083337931
25,Day2,4.039881744427268,0.05890445553418287,-0.13244976093829308,0.11951089022831791,-0.45322168919821537,0.8667924901618106,-0.3820791003866137,-0.0682232052334786,-0.24086518709176344,1.7991805946759796,-0.2912063237047026,-0.27828607944322087,0.7164577457755759,1.6920997912411042,-0.257398507051327,0.8074260057037912,-0.36957021287438957,3.1586601814169217,-0.4342283111904515
25,Day3,-0.3331204495113725,-0.28508836096426793,0.14237520726700229,-0.02027089048156977,-0.45322168919821537,1.4039327475904926,-0.3820791003866137,-0.019935414146417228,-0.4402138485926832,3.2766829131671793,3.2282509460232047,-0.27828607944322087,0.4639658796689215,1.946462843998749,-0.19429718897223383,0.24121616320177572,-0.36957021287438957,6.984512209658367,-0.4342283111904515
25,Day4,0.6586944810726492,0.7799663208867048,-0.12342266344249872,-0.2241193206834893,-0.29593615390498335,0.07473821225849975,-0.3820791003866137,-0.29868766269445335,-0.4402138485926832,0.7907028458478081,-0.041570401084467315,-0.27828607944322087,0.34983955618871376,0.47545886610251686,0.48088691447406307,0.05542855863080191,-0.36957021287438957,4.437580932302449,-0.4342283111904515
25,Day5,0.5459882389608285,0.5285869549839908,-0.12442567427536476,0.6174834840072928,-0.45322168919821537,-0.12880282960006864,-0.3820791003866137,0.9326510100256117,0.19770186821025995,1.245741592347295,-0.2912063237047026,-0.27828607944322087,-0.4581344153525801,0.610121658738917,0.06441821515204817,-0.059582815627419974,-0.36957021287438957,1.626985898247382,-0.2883228556656317
26,Day1,1.4701794242777577,-0.3777018115600047,0.4182031863051637,-0.3085708131957131,-0.37457892155159933,1.2836289369073133,0.8810005577670117,-0.36672955013531255,-0.4269239378259552,-0.6198673189321605,0.1630492076206436,-0.27828607944322087,-0.5510514220798289,0.7129890697806115,-0.27001877066714564,-0.04188875804923199,-0.36957021287438957,-0.43322814547769334,-0.15968969705652264
26,Day2,-0.3331204495113725,-0.3777018115600047,-0.02312158015589457,-0.3988465465708489,-0.45322168919821537,0.1361906993372049,1.5653600816393396,-0.45891533311970245,-0.11461103480784762,-0.6368501042021744,-0.28165740863179745,-0.27828607944322087,-0.7222409073001406,-0.41574697683143685,-0.27001877066714564,-0.39576990961299163,-0.36957021287438957,-0.43807713410664323,-0.4342283111904515
26,Day3,-0.3331204495113725,-0.3777018115600047,-0.010082439328636032,-0.43961623261123284,-0.24350764214057266,1.4058836201961658,-0.033009813042339034,-0.45891533311970245,-0.1877055440248515,-0.057936923968469056,-0.2912063237047026,-0.27828607944322087,0.7932152730719988,0.23512318757783052,-0.27001877066714564,-0.39576990961299163,-0.36957021287438957,-0.43807713410664323,-0.4324101746730083
26,Day4,-0.3331204495113725,-0.3777018115600047,-0.1424798692669535,-0.3988465465708489,3.242988390192737,-0.4006244126571983,-0.354520998754171,-0.45891533311970245,-0.2807349193919474,0.04096282554514064,4.191327237661927,-0.27828607944322087,-0.3066392956885875,1.753820237866121,-0.27001877066714564,-0.39576990961299163,-0.36957021287438957,-0.43807713410664323,-0.4342283111904515
26,Day5,3.4988917822905288,-0.3777018115600047,-0.13646180426975726,4.050873472693909,2.456560713726577,0.25616936458610545,1.3724533702122406,-0.45891533311970245,-0.25415509785849144,-0.13186198926147025,0.11257637080671623,-0.27828607944322087,-0.6358886890916647,4.220767786302395,-0.27001877066714564,-0.25421744898748777,-0.36957021287438957,-0.43807713410664323,-0.42422856034451367
27,Day1,0.3205757547371872,-0.3777018115600047,0.18349865141450997,-0.43379199174832084,2.063346875493497,-0.7153651930391379,0.9131516763381949,-0.45891533311970245,-0.3206046516921313,-0.7232625116054797,-0.2775650164576952,-0.27828607944322087,0.2347032652440794,-0.39984928603408404,-0.27001877066714564,-0.39576990961299163,-0.36957021287438957,-0.43807713410664323,-0.4310465722849258
27,Day2,-0.3331204495113725,-0.3777018115600047,-0.1424798692669535,-0.4017586670023049,2.810453168136349,-0.4819107712269141,0.32983852511815703,-0.45891533311970245,-0.40698907167586323,-0.7232625116054797,-0.2912063237047026,-0.27828607944322087,-0.35057288039114537,-0.41574697683143685,-0.27001877066714564,-0.39576990961299163,-0.36957021287438957,-0.43807713410664323,-0.4333192429317299
27,Day3,-0.3331204495113725,-0.3777018115600047,-0.10035341428657976,-0.4163192691595849,0.7264198255010248,0.1495216621426383,-0.3820791003866137,-0.45891533311970245,-0.4402138485926832,-0.7232625116054797,-0.2912063237047026,-0.27828607944322087,-0.3086592306174407,-0.3970438111874924,-0.27001877066714564,-0.39576990961299163,-0.36957021287438957,-0.43807713410664323,-0.4342283111904515
27,Day4,-0.3331204495113725,-0.3777018115600047,-0.1424798692669535,-0.42214351002249684,-0.45322168919821537,-0.7608855538381788,-0.3820791003866137,-0.45891533311970245,-0.4136340270592272,-0.7232625116054797,1.0238156949068102,-0.27828607944322087,-0.35006789665893207,-0.41574697683143685,-0.27001877066714564,-0.39576990961299163,-0.36957021287438957,-0.43807713410664323,-0.4342283111904515
27,Day5,-0.3331204495113725,-0.3777018115600047,-0.1424798692669535,-0.38137382398211295,0.33320598726794476,-0.7589346812325056,-0.3269628971217282,-0.25259477120225843,-0.09467616865775565,-0.7232625116054797,-0.21208674167205974,-0.27828607944322087,-0.5460015847576958,-0.40452507744507016,-0.27001877066714564,-0.39576990961299163,-0.36957021287438957,-0.43807713410664323,-0.4342283111904515
28,Day1,-0.3331204495113725,-0.3777018115600047,2.2486979562856892,-0.43961623261123284,-0.45322168919821537,-0.7641370081809674,-0.3820791003866137,-0.45891533311970245,0.4900799050782756,-0.7232625116054797,-0.2912063237047026,-0.27828607944322087,0.9538000999158309,-0.41574697683143685,-0.27001877066714564,-0.39576990961299163,-0.36957021287438957,-0.43807713410664323,-0.4342283111904515
28,Day2,-0.3331204495113725,-0.3777018115600047,-0.1424798692669535,1.6862316823516423,-0.45322168919821537,-0.7641370081809674,-0.3820791003866137,-0.45891533311970245,-0.13454590095793958,-0.7232625116054797,-0.2912063237047026,-0.27828607944322087,-0.5157025608248973,-0.3970438111874924,-0.27001877066714564,-0.39576990961299163,-0.36957021287438957,-0.43807713410664323,-0.41331974123985427
28,Day3,-0.3331204495113725,-0.3777018115600047,-0.1424798692669535,-0.43961623261123284,-0.45322168919821537,-0.7641370081809674,-0.3820791003866137,-0.45891533311970245,3.3872804522249758,-0.7232625116054797,-0.2912063237047026,-0.27828607944322087,-0.8530316939433875,-0.41574697683143685,-0.27001877066714564,-0.39576990961299163,-0.36957021287438957,0.06379318898966815,-0.43150110641428663
28,Day4,-0.3331204495113725,-0.3777018115600047,0.4182031863051637,-0.43961623261123284,-0.3352575377282913,-0.7641370081809674,2.405882181428843,-0.45891533311970245,-0.4402138485926832,-0.7232625116054797,-0.28302153935649815,-0.27828607944322087,-0.1430245664514755,-0.36992422100377287,-0.27001877066714564,-0.39576990961299163,-0.36957021287438957,1.4712121385423675,3.0279581521508336
28,Day5,-0.3331204495113725,-0.3777018115600047,-0.1424798692669535,-0.28236172931260917,-0.45322168919821537,-0.7641370081809674,-0.15702127038833136,-0.45891533311970245,1.3206993279987744,-0.7232625116054797,0.08529375631270145,-0.27828607944322087,0.2690421590345844,-0.41574697683143685,-0.27001877066714564,-0.39576990961299163,-0.36957021287438957,-0.3774647762447699,0.2671178504132774
29,Day1,-0.3331204495113725,-0.3777018115600047,-0.056220937640473936,-0.37554958311920095,-0.45322168919821537,1.3408545333403932,2.3921031306126217,-0.4194071404121068,-0.4402138485926832,-0.7232625116054797,-0.2912063237047026,-0.27828607944322087,-0.21978209374789842,-0.41574697683143685,-0.27001877066714564,-0.39576990961299163,-0.36957021287438957,-0.43807713410664323,1.8457148816833684
29,Day2,-0.3331204495113725,-0.3777018115600047,-0.12241965260963268,-0.4163192691595849,-0.45322168919821537,1.1327614554019207,0.5181522196065157,0.032742176130377006,-0.4402138485926832,-0.7232625116054797,-0.2912063237047026,-0.27828607944322087,-0.6278089493762518,-0.41574697683143685,-0.27001877066714564,0.0642755874198959,-0.36957021287438957,-0.43807713410664323,0.7421060155953232
29,Day3,-0.3331204495113725,0.4690497367438743,-0.13846782593548934,-0.43961623261123284,-0.13865061861175132,0.9298707044119101,-0.354520998754171,-0.3272213574277169,-0.13454590095793958,-0.7232625116054797,-0.2912063237047026,-0.27828607944322087,2.6232763186130295,-0.41574697683143685,-0.27001877066714564,-0.3249936793002397,-0.36957021287438957,-0.43807713410664323,1.6239022265552934
29,Day4,-0.1077079652877312,-0.3777018115600047,-0.04619082931181352,-0.42214351002249684,-0.45322168919821537,1.2976101905813044,-0.3407419479379496,-0.03310481171561579,-0.4402138485926832,-0.7232625116054797,-0.2530106634130819,-0.27828607944322087,2.841934274661392,-0.41574697683143685,-0.27001877066714564,0.10851073136536586,-0.36957021287438957,-0.43807713410664323,0.24120940503971125
29,Day5,-0.13024921371009532,-0.35124082567550846,-0.1424798692669535,-0.34351625837318506,-0.45322168919821537,1.2120969413659635,-0.3085908293667664,0.26320663359135177,-0.4402138485926832,-0.7232625116054797,-0.2912063237047026,-0.27828607944322087,0.35539437724306017,-0.41574697683143685,-0.27001877066714564,-0.059582815627419974,-0.36957021287438957,-0.43807713410664323,2.773873573838141
30,Day1,-0.3331204495113725,-0.3777018115600047,-0.048196850977545606,-0.369725342256289,-0.45322168919821537,-0.7641370081809674,-0.3820791003866137,0.6121956691751135,-0.4402138485926832,-0.7232625116054797,-0.2912063237047026,-0.27828607944322087,0.08118821065123355,-0.2773435510662478,1.395856026620914,7.849660921822608,-0.36957021287438957,-0.40655870801846905,1.1193693429647948
30,Day2,-0.3331204495113725,-0.25862737507977174,-0.1424798692669535,-0.0901617808365136,-0.45322168919821537,-0.7641370081809674,-0.3820791003866137,0.5068404886215251,-0.24086518709176344,-0.7232625116054797,-0.2639237092106878,-0.11443526911776812,0.27510196382114405,-0.41574697683143685,2.569540542892047,0.11735776015445985,-0.36957021287438957,-0.38473825918819465,1.0066448788833142
30,Day3,-0.3331204495113725,-0.3777018115600047,-0.014094482660100197,0.3874259699222693,-0.45322168919821537,-0.7641370081809674,-0.3820791003866137,1.2750553468247743,0.8489074957799311,-0.7232625116054797,-0.2639237092106878,-0.27828607944322087,3.712021245264923,-0.41574697683143685,-0.017613498350772947,-0.39576990961299163,-0.36957021287438957,-0.3738280347730574,1.6311747726250663
30,Day4,-0.3331204495113725,-0.3777018115600047,-0.04719384014467957,0.27676539352694157,-0.45322168919821537,-0.7641370081809674,-0.3820791003866137,1.4967402059062833,-0.04816148097420771,-0.7232625116054797,-0.28984219298000186,0.7394795308475722,-0.20917743537141892,-0.3428046308200534,0.0391776879204109,-0.2365233914092998,-0.36957021287438957,-0.07319073977816562,3.6652150015146883
30,Day5,-0.3331204495113725,2.7116182904549286,-0.09935040345371372,2.1842042761306173,-0.45322168919821537,-0.7641370081809674,-0.3820791003866137,0.9260663112410125,0.5698193696786434,-0.7232625116054797,-0.28165740863179745,-0.1806057886722779,0.09179286902771303,2.847020269754675,-0.13119587089314064,2.930712915086349,-0.36957021287438957,-0.12228674964628303,2.304339818208425
31,Day1,-0.3331204495113725,-0.3777018115600047,-0.13646180426975726,-0.43961623261123284,-0.3221504097871887,-0.622373598835383,-0.3820791003866137,0.006403380991979888,-0.4402138485926832,-0.7212645368678311,0.2680872734226005,-0.27828607944322087,-0.7873838087556574,0.36978598021423065,-0.27001877066714564,-0.39576990961299163,-0.3602534869511025,0.05894420036071829,-0.4342283111904515
31,Day2,0.20786951262536657,-0.3777018115600047,-0.1424798692669535,-0.38137382398211295,-0.45322168919821537,-0.3980232491829674,-0.042195846919819945,0.9019224156974818,1.7659113386841618,-0.7232625116054797,-0.2912063237047026,-0.27828607944322087,-0.848991824085681,-0.3259717817405034,-0.27001877066714564,-0.39576990961299163,0.12607960624448267,2.780439068358832,-0.04423802819887704
31,Day3,-0.3331204495113725,-0.3777018115600047,-0.12843771760682893,-0.4163192691595849,-0.45322168919821537,-0.6412320340235571,-0.3820791003866137,0.7702284400054962,0.3704707081777237,-0.7232625116054797,-0.15752151268403017,-0.27828607944322087,-0.7580947522872854,-0.3540265302064201,-0.27001877066714564,0.011193414685331955,0.7223500653348554,2.0579397626453013,-0.4342283111904515
31,Day4,0.7037769779173774,-0.3777018115600047,-0.12944072843969498,-0.39593442613939295,-0.3352575377282913,-0.28422234718536526,-0.24888160916314048,-0.15601918902813566,0.171122046676804,-0.5953921283959642,-0.1384236825382198,-0.27828607944322087,-0.8166728652240293,0.03219384034103308,-0.27001877066714564,-0.3515347656675217,2.172032618998324,1.8900435313679123,0.499384790516651
31,Day5,-0.3331204495113725,-0.3777018115600047,-0.12743470677396287,-0.37554958311920095,-0.41390030537490735,-0.6574893057375003,-0.3177768632442473,-0.1933324821408649,-0.3804092501424073,-0.7232625116054797,-0.2912063237047026,-0.27828607944322087,-0.8520217264789609,0.38568367101158346,-0.27001877066714564,-0.39576990961299163,-0.3248499284426116,0.8226599094203226,-0.4342283111904515
32,Day1,-0.3331204495113725,-0.033708995061553886,-0.1424798692669535,-0.358076860530465,-0.45322168919821537,0.46101098818178926,-0.3820791003866137,-0.1428497914589371,-0.4402138485926832,-0.6113759262971536,0.2953698879166153,-0.27828607944322087,0.7386770299929614,-0.41574697683143685,-0.042854025582410214,-0.20113527625292382,0.0012354788724359036,-0.43807713410664323,0.54938354474634
32,Day2,-0.3331204495113725,0.4955107226283705,-0.060232980971938105,-0.1775253937801934,-0.45322168919821537,-0.05857141579583418,-0.3820791003866137,-0.05066400847454719,0.29073124357735586,-0.3716189577793119,1.1520439830286797,-0.27828607944322087,1.1275145037972092,-0.20253088849046993,0.5629186279768842,-0.39576990961299163,0.48756857206802107,-0.43807713410664323,-0.24605118163507642
32,Day3,-0.3331204495113725,-0.3777018115600047,-0.13646180426975726,-0.4104950282966729,-0.45322168919821537,0.12676148174311785,-0.3820791003866137,-0.31844175904825117,-0.4402138485926832,-0.7232625116054797,0.3581199012528493,-0.27828607944322087,-0.16928372052656754,-0.41574697683143685,-0.19429718897223383,-0.39576990961299163,0.6291828061019846,-0.43807713410664323,-0.2069612465100468
32,Day4,-0.3331204495113725,-0.3777018115600047,-0.1424798692669535,-0.43670411217977684,-0.45322168919821537,0.22300453028966138,-0.3820791003866137,-0.219671277279262,-0.4136340270592272,-0.6867994726433914,-0.2189073952955634,-0.27828607944322087,-0.3116891330107206,-0.41574697683143685,-0.27001877066714564,-0.39576990961299163,-0.32391825585028294,-0.43807713410664323,-0.4342283111904515
32,Day5,-0.3331204495113725,-0.32477983979101227,-0.008076417662903948,-0.20373447766329736,-0.45322168919821537,-0.2273218961865642,-0.3820791003866137,-0.32063665864311763,-0.3405395178422233,-0.6163708631412753,-0.1275106367406139,-0.27828607944322087,-0.32380874258384,-0.41574697683143685,-0.036543893774500895,-0.37807585203480365,0.10930949958256594,-0.43807713410664323,-0.4183196166628232
33,Day1,-0.3331204495113725,-0.32477983979101227,-0.1424798692669535,0.005938193401534172,0.6608841857955114,-0.015977363905303094,-0.3820791003866137,-0.013350715361817948,0.2375716005104439,0.05494864870868141,0.18760356066525688,0.13134094637041102,-0.4167257493110888,-0.41574697683143685,-0.27001877066714564,-0.39576990961299163,-0.27547128104919016,0.20865672427954549,-0.4174105484041016
33,Day2,-0.3331204495113725,-0.17924441742628308,-0.1394708367683554,0.6815501334993247,-0.45322168919821537,-0.460776317998788,-0.3820791003866137,0.07005546924310625,-0.22757527632503546,-0.0689257850255368,1.029272217805613,-0.259380216713361,-0.24149639423307068,-0.41574697683143685,-0.27001877066714564,-0.39576990961299163,-0.3453467254738432,-0.4138321909618939,0.11621251946548868
33,Day3,-0.3331204495113725,-0.13955293859953874,-0.1424798692669535,-0.28236172931260917,1.276919199027337,-4.523762563879579e-05,-0.3820791003866137,0.3927057096884709,0.7558781204128352,-0.05993489870611774,-0.1138693294936065,0.0998311751539778,-0.03798795015110729,-0.41574697683143685,-0.27001877066714564,-0.28960556414386374,-0.3434833802891858,-0.43807713410664323,0.30938952444383266
33,Day4,-0.3331204495113725,-0.3777018115600047,-0.1344557826040252,1.418316602657691,-0.45322168919821537,0.7985119489632493,-0.3820791003866137,0.6473140626929763,-0.4402138485926832,-0.5943931410271398,0.7619025957642682,-0.16485090306406128,-0.548021519686549,-0.41574697683143685,-0.257398507051327,-0.39576990961299163,-0.3621168321357599,0.2819976772924122,-0.4342283111904515
33,Day5,-0.3331204495113725,1.6862550874307003,0.13435112060407395,-0.38719806484502495,1.1720621754985157,-0.582055564984804,-0.3820791003866137,2.596384902934363,2.217768304752913,0.16383827191053452,5.539088393666257,0.8308578673752286,-0.48944340674980524,-0.41574697683143685,-0.27001877066714564,-0.39576990961299163,-0.3602534869511025,-0.3095789354394717,0.22211897160655728
34,Day1,-0.3331204495113725,4.821881914743502,-0.1424798692669535,-0.28818597017552117,-0.45322168919821537,-0.2504072220203635,9.906278842392009,0.18638514777102683,-0.4402138485926832,-0.7192665621301824,-0.2912063237047026,-0.27828607944322087,-0.7106262814592345,-0.41574697683143685,-0.27001877066714564,-0.3072996217220517,-0.36957021287438957,2.615573454974536,-0.29604993586476547
34,Day2,-0.3331204495113725,1.0313456867894188,-0.13144675010542706,0.4980865463175971,-0.24350764214057266,-0.6909792854682232,1.9925106569422022,-0.45891533311970245,-0.4402138485926832,0.42257600043603866,-0.2843856700811989,-0.27828607944322087,-0.7075963790659546,-0.31007409094315064,-0.27001877066714564,-0.38692288082389764,-0.36957021287438957,-0.15622967004893212,-0.3128676986511154
34,Day3,-0.22041420739955184,3.234222761673729,-0.1424798692669535,-0.2212072002520333,-0.309043281846086,-0.7582843903639479,-0.3820791003866137,-0.45891533311970245,0.0182880728594322,-0.7232625116054797,-0.2912063237047026,-0.27828607944322087,-0.7899087274167239,-0.36805390443937847,-0.27001877066714564,-0.39576990961299163,0.14843974846037164,0.22805267879534494,-0.10378199914514308
34,Day4,0.5234469905384644,0.2772075890812767,-0.1424798692669535,0.952377333624732,-0.03379359508292996,-0.6425326157606726,-0.3820791003866137,-0.45891533311970245,-0.18106058864148752,-0.42706275674906286,-0.2625595784859871,-0.27828607944322087,-0.46116431774586,-0.35589684677081457,-0.27001877066714564,-0.39576990961299163,-0.1934840929242639,0.035911504373206414,1.6470834671526946
34,Day5,-0.3331204495113725,9.135022613916385,-0.1424798692669535,-0.2241193206834893,-0.45322168919821537,-0.7641370081809674,-0.3820791003866137,-0.45891533311970245,-0.4402138485926832,-0.5364518736353281,-0.2912063237047026,-0.27828607944322087,-0.7227458910323539,-0.4063953940094646,-0.27001877066714564,0.11735776015445985,-0.36957021287438957,-0.34837084447107064,-0.3342308027310734
35,Day1,-0.3331204495113725,-0.3777018115600047,-0.1424798692669535,-0.34642837880464106,-0.40079317743380466,-0.7641370081809674,-0.3820791003866137,-0.45891533311970245,-0.4402138485926832,-0.280711107216297,-0.2912063237047026,-0.27828607944322087,-0.6954767694928352,-0.39330317805870346,-0.27001877066714564,-0.39576990961299163,-0.35093676102781546,-0.43807713410664323,-0.4324101746730083
35,Day2,-0.3331204495113725,-0.033708995061553886,-0.1424798692669535,-0.4046707874337609,-0.45322168919821537,-0.7641370081809674,-0.3820791003866137,-0.45891533311970245,-0.4402138485926832,-0.697288840016047,-0.2912063237047026,-0.27828607944322087,-0.6974967044216884,-0.41574697683143685,-0.27001877066714564,-0.39576990961299163,-0.28758302474946335,-0.43807713410664323,-0.37877514740843277
35,Day3,-0.3331204495113725,-0.2983188539065161,-0.12041363094390059,-0.4134071487281289,-0.45322168919821537,-0.7641370081809674,-0.3820791003866137,-0.2877131647201212,0.7160083881126512,0.33266713724184804,-0.2912063237047026,-0.27828607944322087,-0.7833439388979508,-0.41574697683143685,-0.27001877066714564,-0.39576990961299163,-0.34068836251219964,-0.43807713410664323,-0.29059552631243574
35,Day4,-0.2880379526666442,-0.3313950862621363,-0.1374648151026233,-0.42505563045395284,-0.45322168919821537,-0.7641370081809674,-0.3820791003866137,-0.39087344567884325,-0.4402138485926832,-0.5134751641523683,-0.2912063237047026,-0.27828607944322087,-0.842427035566908,-0.41574697683143685,-0.27001877066714564,-0.39576990961299163,-0.3528001062124729,-0.43807713410664323,-0.4160469460160191
35,Day5,-0.3331204495113725,-0.3777018115600047,-0.1424798692669535,-0.43961623261123284,-0.45322168919821537,-0.7641370081809674,-0.3820791003866137,-0.45891533311970245,-0.4402138485926832,-0.2887030061668917,-0.2912063237047026,-0.27828607944322087,-0.7782941015758178,-0.41574697683143685,-0.27001877066714564,-0.39576990961299163,-0.35093676102781546,-0.43807713410664323,-0.41241067298113265
36,Day1,-0.3331204495113725,-0.3777018115600047,-0.13646180426975726,-0.34060413794172906,-0.45322168919821537,-0.7641370081809674,-0.3820791003866137,1.4111391217064926,2.8955537538560403,-0.4924964294070571,0.5136308038687336,-0.27828607944322087,-0.4066260746668226,-0.2567700688579089,-0.11857560727732201,0.3119923935145276,-0.36957021287438957,0.43595306626157054,-0.4342283111904515
36,Day2,-0.3331204495113725,0.5881241732241073,-0.1424798692669535,-0.34642837880464106,-0.45322168919821537,-0.7641370081809674,-0.3820791003866137,1.8984068317668392,-0.22757527632503546,-0.5983890905024373,-0.03202148601156214,-0.27828607944322087,-0.33693831962138604,2.9882291703664556,-0.27001877066714564,-0.39576990961299163,-0.36957021287438957,-0.43807713410664323,-0.4342283111904515
36,Day3,-0.3331204495113725,0.5682784338107351,-0.09433534928938352,-0.372637462687745,-0.45322168919821537,-0.7641370081809674,-0.3820791003866137,1.6437984787623339,-0.2873798747753114,-0.6513354210501272,0.1330383316772273,-0.27828607944322087,-0.7878887924878707,0.0574431139603581,0.28527282842887425,-0.39576990961299163,-0.36957021287438957,-0.43807713410664323,-0.4342283111904515
36,Day4,-0.3331204495113725,0.197824631427788,-0.1424798692669535,-0.352252619667553,-0.45322168919821537,-0.7641370081809674,-0.3820791003866137,1.4638167119832868,-0.08138625789102766,-0.5794083304947748,-0.2625595784859871,-0.27828607944322087,-0.7853638738268041,0.2949733176384528,-0.27001877066714564,0.25006319199086974,-0.36957021287438957,-0.43807713410664323,-0.4042290586526381
36,Day5,-0.3331204495113725,0.23090086378340827,-0.11038352261524018,-0.3988465465708489,-0.45322168919821537,-0.7641370081809674,-0.3820791003866137,2.0388804058382903,0.18441195744353198,-0.5114771894147196,0.04436983457167926,-0.27828607944322087,-0.5944800230501734,-0.408265710573859,-0.13119587089314064,-0.18344121867473584,-0.36957021287438957,-0.43322814547769334,-0.4342283111904515
37,Day1,5.8431816182163985,-0.3115493468487642,-0.1424798692669535,0.23599570748655765,-0.45322168919821537,-0.40972848481700647,-0.3820791003866137,-0.45891533311970245,-0.4402138485926832,0.7102843626574488,-0.2912063237047026,-0.22787044549692773,-0.8530316939433875,-0.41574697683143685,-0.27001877066714564,-0.39576990961299163,-0.36957021287438957,-0.2938197223953846,-0.4342283111904515
37,Day2,-0.3331204495113725,-0.3777018115600047,-0.1344557826040252,1.7561225727065861,-0.45322168919821537,0.03376988753936298,-0.3820791003866137,-0.45891533311970245,-0.4402138485926832,1.1198691838754282,-0.2912063237047026,-0.17745481155063458,-0.8530316939433875,-0.41574697683143685,-0.27001877066714564,-0.37807585203480365,-0.36957021287438957,-0.3871627535026696,-0.4342283111904515
37,Day3,-0.3331204495113725,1.1305743838562796,-0.1424798692669535,-0.38137382398211295,-0.45322168919821537,0.03246930580224753,-0.3820791003866137,-0.45891533311970245,3.267671255324424,1.0589309543771435,-0.2912063237047026,1.549280651109906,-0.8409120843702681,-0.20627152161925882,-0.27001877066714564,-0.36038179445661567,-0.36957021287438957,-0.42959140400598095,1.452997393915629
37,Day4,0.43328199684900787,0.3102838214368969,-0.13846782593548934,0.9057834067214361,-0.45322168919821537,-0.7569838086268325,-0.3820791003866137,-0.45891533311970245,0.34389088664426776,0.00799624237393741,-0.2912063237047026,-0.27198412519993426,-0.7510249800362991,-0.3128795657897423,-0.27001877066714564,-0.36038179445661567,-0.36957021287438957,1.2420974258244861,-0.42150135556834883
37,Day5,1.8308393990355838,-0.033708995061553886,-0.1394708367683554,0.8912228045641561,-0.45322168919821537,0.27210149086576974,-0.3820791003866137,-0.45891533311970245,0.22428168974371593,0.555441320489676,-0.2912063237047026,-0.17115285730734792,-0.8166728652240293,-0.41574697683143685,-0.27001877066714564,0.4093097101945615,-0.36957021287438957,0.6517330602498398,-0.4342283111904515
38,Day1,-0.3331204495113725,-0.3777018115600047,-0.07427513263206269,-0.363901101393377,-0.45322168919821537,-0.7641370081809674,-0.3820791003866137,-0.45891533311970245,-0.4003441162924992,0.10240054872783758,-0.1834399964533442,-0.27828607944322087,-0.34501805933679897,-0.13332917560787544,-0.09333508004568475,0.10851073136536586,-0.36957021287438957,-0.43807713410664323,-0.4342283111904515
38,Day2,-0.3331204495113725,-0.3777018115600047,-0.13144675010542706,0.09038968591375798,-0.45322168919821537,-0.7641370081809674,-0.3820791003866137,-0.45891533311970245,-0.4402138485926832,-0.06592882291906378,-0.16707042775693534,-0.27828607944322087,-0.5808454622804141,-0.3203608320473201,0.15907019227068792,-0.39576990961299163,-0.36957021287438957,-0.43807713410664323,-0.4342283111904515
38,Day3,4.220211731806181,-0.3777018115600047,-5.233099997561658e-05,-0.28236172931260917,6.834341446054868,-0.7641370081809674,-0.3820791003866137,-0.45891533311970245,0.10467249284316409,1.4045805839903651,-0.10568454514540206,-0.27828607944322087,-0.4066260746668226,-0.41574697683143685,-0.27001877066714564,-0.39576990961299163,-0.36957021287438957,-0.43807713410664323,-0.4342283111904515
38,Day4,-0.3331204495113725,-0.3777018115600047,-0.1424798692669535,-0.43961623261123284,0.3594202431501501,-0.7641370081809674,-0.3820791003866137,-0.45891533311970245,0.3704707081777237,-0.1648285724326735,-0.2912063237047026,-0.27828607944322087,-0.6116494699454259,-0.22310437069880884,-0.27001877066714564,-0.39576990961299163,-0.36957021287438957,-0.43807713410664323,-0.4342283111904515
38,Day5,-0.3331204495113725,-0.3777018115600047,0.08018853562930771,-0.4046707874337609,-0.45322168919821537,-0.7641370081809674,-0.3820791003866137,-0.45891533311970245,0.42363035124463566,0.29770257933299615,-0.2912063237047026,-0.27828607944322087,-0.38440679044943704,-0.41574697683143685,-0.27001877066714564,-0.39576990961299163,-0.36957021287438957,-0.43807713410664323,-0.4342283111904515
39,Day1,-0.3331204495113725,0.012597730236314492,0.02301691815594334,-0.32895565621590506,-0.41390030537490735,-0.7641370081809674,-0.3820791003866137,-0.45891533311970245,0.28408628819399184,1.7437367957062289,-0.25983131703658563,0.32039957366901034,0.14229124224904388,-0.23245595352078108,-0.27001877066714564,-0.006500642892856027,-0.36957021287438957,0.19168526407822092,-0.4342283111904515
39,Day2,-0.3331204495113725,0.6476613914642237,-0.13345277177115913,-0.3027465723328011,-0.45322168919821537,-0.7641370081809674,-0.3820791003866137,-0.45891533311970245,-0.14119085634130357,0.3526468846183349,-0.2912063237047026,0.49685429248103635,-0.11121059132203705,-0.41574697683143685,-0.27001877066714564,0.05542855863080191,-0.36957021287438957,-0.4314097747418371,-0.25241465944612773
39,Day3,-0.3331204495113725,-0.17924441742628308,0.25070037721653476,3.0374555625472235,-0.45322168919821537,-0.7641370081809674,-0.3820791003866137,-0.45891533311970245,-0.04151652559084372,4.076871795595475,-0.2912063237047026,-0.27828607944322087,-0.4167257493110888,-0.41574697683143685,-0.27001877066714564,0.47123891171821947,-0.36957021287438957,-0.43807713410664323,0.9857363089327169
39,Day4,-0.1077079652877312,-0.033708995061553886,-0.1083775009495081,-0.2707132475867852,-0.45322168919821537,-0.7641370081809674,-0.3820791003866137,-0.45891533311970245,0.43692026201136364,2.330641874890529,-0.2912063237047026,-0.27828607944322087,-0.14403453391590212,-0.41574697683143685,-0.27001877066714564,-0.25421744898748777,-0.36957021287438957,-0.43807713410664323,-0.4342283111904515
39,Day5,-0.3331204495113725,0.3102838214368969,-0.1424798692669535,-0.352252619667553,-0.45322168919821537,-0.7641370081809674,-0.3820791003866137,-0.45891533311970245,-0.028226614824115738,0.47352435624608,-0.07294540775258432,1.5807904223263394,-0.7681944269315516,-0.41574697683143685,-0.27001877066714564,-0.09497093078379594,-0.36957021287438957,-0.38473825918819465,-0.37786607914971115
40,Day1,-0.3331204495113725,1.0776524120872872,-0.07828717596352686,-0.34060413794172906,-0.45322168919821537,-0.6496858153148075,-0.3820791003866137,-0.45891533311970245,-0.4402138485926832,-0.7232625116054797,-0.18753238862744642,2.280307343331157,-0.7449651752497394,-0.41574697683143685,-0.27001877066714564,-0.39576990961299163,-0.36957021287438957,-0.43807713410664323,-0.4342283111904515
40,Day2,-0.3331204495113725,3.392988676980706,-0.1424798692669535,-0.4046707874337609,-0.45322168919821537,-0.7582843903639479,-0.3820791003866137,-0.45891533311970245,-0.4402138485926832,-0.7232625116054797,-0.2912063237047026,-0.007302046981895165,-0.6631578106311834,-0.41574697683143685,-0.27001877066714564,-0.39576990961299163,-0.36957021287438957,-0.37019129330134504,-0.4342283111904515
40,Day3,0.34311700315955135,-0.3777018115600047,-0.08129620846212497,-0.42505563045395284,-0.45322168919821537,-0.7238189743303883,-0.3820791003866137,-0.45891533311970245,-0.4402138485926832,-0.7232625116054797,-0.2871139315306004,0.5598738349139029,-0.8277825073327221,-0.41574697683143685,-0.27001877066714564,-0.39576990961299163,-0.36957021287438957,-0.43807713410664323,-0.4328647088023691
40,Day4,-0.3331204495113725,0.25074660319678044,-0.1424798692669535,-0.2590647658609612,-0.45322168919821537,-0.7599101175353422,-0.3820791003866137,-0.45891533311970245,-0.3471844732255873,-0.7232625116054797,-0.2912063237047026,3.23190243406744,-0.8469718891568278,-0.41574697683143685,-0.27001877066714564,-0.39576990961299163,-0.36957021287438957,-0.36109943962206403,-0.4342283111904515
40,Day5,-0.3331204495113725,-0.3777018115600047,0.44127243546108263,-0.43961623261123284,-0.40079317743380466,-0.7530820634154861,0.11396672899735556,-0.45891533311970245,-0.4402138485926832,-0.7232625116054797,-0.2912063237047026,0.2006624430465641,-0.487423471820952,-0.41574697683143685,-0.27001877066714564,-0.39576990961299163,-0.36957021287438957,-0.3241259013263213,-0.4342283111904515
41,Day1,-0.3331204495113725,0.0985959343609272,-0.06223900263767019,-0.15422843032854547,-0.45322168919821537,1.6484421141681977,-0.24428859222440003,-0.45891533311970245,-0.4402138485926832,-0.3396513619769331,-0.2912063237047026,-0.27828607944322087,1.4991825307062043,-0.4026547608806757,-0.27001877066714564,-0.14805310351835987,-0.36957021287438957,0.5971819381741537,0.23120965419377346
41,Day2,-0.3331204495113725,0.5616631873396111,-0.1424798692669535,-0.29983445190134517,-0.45322168919821537,0.2912850714882227,-0.3820791003866137,1.9774232171820305,-0.4402138485926832,-0.7232625116054797,-0.2912063237047026,-0.27828607944322087,-0.33390841722810616,-0.38021096210794236,-0.27001877066714564,-0.3249936793002397,-0.36957021287438957,-0.1774439953005878,-0.4342283111904515
41,Day3,0.8841069652962904,2.2022443121783764,-0.1424798692669535,0.1311593719541419,0.7264198255010248,-0.1131958487546832,-0.3820791003866137,0.002013581802247036,-0.4402138485926832,-0.7232625116054797,-0.28302153935649815,-0.27828607944322087,-0.17332359038427403,-0.34093431425565895,-0.27001877066714564,-0.27191150656567575,0.37763120617323365,2.5440508726975257,-0.4342283111904515
41,Day4,2.0111693864144966,3.3268362122694657,-0.1374648151026233,0.23890782791801365,-0.29593615390498335,0.2369857839636525,-0.35911401569291146,-0.3557550521609804,-0.1478358117246676,-0.5019868094108884,0.6009351702495809,-0.27828607944322087,0.5260788787311584,-0.3951734946230979,-0.27001877066714564,-0.28075853535476974,-0.22702430624809739,1.3869609611143636,-0.3333217344723518
41,Day5,-0.3331204495113725,-0.25862737507977174,-0.1424798692669535,0.8853985637012441,-0.45322168919821537,-0.3398222164470509,-0.14324221957210997,-0.16260388781273494,0.6694937004291033,-0.6023850399777346,-0.2912063237047026,-0.27828607944322087,-0.3697622622152511,-0.41574697683143685,-0.27001877066714564,-0.39576990961299163,-0.3313716365889126,0.5965758145955349,-0.4342283111904515
42,Day1,-0.3331204495113725,-0.3777018115600047,-0.012088460994368114,-0.43961623261123284,-0.45322168919821537,0.41223917303995977,-0.3820791003866137,0.17760554939156115,-0.09467616865775565,0.4415567604437011,0.10439158645851179,-0.27828607944322087,0.589201845257822,-0.08283062836922538,1.3327547085418208,-0.1303590459401719,-0.36957021287438957,-0.43807713410664323,-0.4342283111904515
42,Day2,-0.3331204495113725,-0.3777018115600047,0.8986453752479976,-0.43961623261123284,-0.45322168919821537,0.6333380683495868,-0.3820791003866137,0.32246892265274524,-0.4402138485926832,0.561435244702622,0.036185050223474825,-0.27828607944322087,0.270052126499011,0.010685199850496945,0.5881591552085215,-0.39576990961299163,-0.36957021287438957,-0.43807713410664323,-0.3715026013386598
42,Day3,0.1627870157806383,-0.17262917095515903,0.1473902614313325,-0.43961623261123284,-0.45322168919821537,0.2184524942097573,-0.3820791003866137,0.11395346114043477,-0.4402138485926832,-0.12037363451999034,-0.210722610947359,-0.27828607944322087,-0.32027385645834683,-0.3371936811268701,1.1876216769599064,1.223236358791209,-0.36957021287438957,-0.4138321909618939,-0.4333192429317299
42,Day4,-0.3331204495113725,-0.3777018115600047,0.0390650914818,-0.43961623261123284,-0.45322168919821537,0.11960828218898288,-0.3820791003866137,0.45635779793959724,0.024933028242796192,0.13286966347697995,0.09757093283500809,-0.27828607944322087,0.02664996757219621,-0.34748042223103953,1.5725397172423747,-0.033041729260138,-0.1776456588546759,-0.26715028493616033,-0.21923366800278865
42,Day5,-0.3331204495113725,-0.3777018115600047,-0.04619082931181352,-0.43961623261123284,-0.45322168919821537,-0.15123786456531021,-0.3820791003866137,-0.22406107646899487,-0.008291748674023764,-0.4260637693802385,-0.2912063237047026,-0.27828607944322087,-0.09505111189121117,0.37352661334301956,0.2284816421576904,2.7449253105153755,-0.1823040218163194,-0.43807713410664323,-0.4337737770610907
43,Day1,-0.3331204495113725,-0.3777018115600047,14.792351432108404,-0.43379199174832084,-0.45322168919821537,-0.22244471467238125,-0.3820791003866137,-0.45891533311970245,-0.4402138485926832,-0.5194690883653144,-0.28302153935649815,-0.27828607944322087,1.217401608131178,-0.41574697683143685,3.225794250914616,5.407880976032666,-0.36957021287438957,-0.43807713410664323,-0.4342283111904515
43,Day2,-0.3331204495113725,-0.3777018115600047,0.07417047063211145,-0.43961623261123284,-0.45322168919821537,-0.05597025232160327,-0.3820791003866137,-0.45891533311970245,3.440440095291888,-0.028966290272563186,0.1153046322561177,-0.27828607944322087,0.420537278698577,1.523771300445604,2.140451579954213,0.40046268140546754,-0.36957021287438957,-0.43807713410664323,-0.4342283111904515
43,Day3,2.2816643674828665,-0.3777018115600047,-0.03616072098315311,-0.43961623261123284,-0.45322168919821537,-0.32323979929882884,-0.3820791003866137,-0.45891533311970245,-0.4402138485926832,-0.43255718727759673,-0.26119544776128634,-0.27828607944322087,0.15592580301880324,-0.35776716333520897,5.232416165829779,-0.39576990961299163,-0.36957021287438957,-0.43807713410664323,-0.4342283111904515
43,Day4,3.4538092854458005,-0.3777018115600047,-0.1424798692669535,-0.43961623261123284,-0.45322168919821537,-0.3616069605437347,-0.3820791003866137,-0.45891533311970245,-0.4402138485926832,-0.09789641872144267,-0.037478008910365096,-0.27828607944322087,0.3872083523724986,-0.2773435510662478,3.667503477468268,-0.39576990961299163,-0.36957021287438957,-0.43807713410664323,-0.4342283111904515
43,Day5,-0.3331204495113725,-0.3777018115600047,-0.1254286851082308,-0.43961623261123284,-0.45322168919821537,-0.31641174517897275,-0.3820791003866137,-0.45891533311970245,-0.4335688932093192,-0.04345160712051612,0.07301657979039479,-0.27828607944322087,0.8386638089711965,1.4629860121027844,0.3420640147000581,-0.3161466505111457,-0.36957021287438957,-0.43807713410664323,-0.4155924118866583
44,Day1,-0.2880379526666442,2.2287052980628728,-0.1424798692669535,-0.16005267119145747,-0.45322168919821537,0.552051709779871,-0.3820791003866137,-0.4281867387915725,6.1250020701709404,0.16383827191053452,-0.2912063237047026,-0.27828607944322087,0.4276070509495633,-0.3820812786723368,1.0424886453779922,4.186991003137696,-0.36957021287438957,-0.43807713410664323,-0.42513762860323534
44,Day2,0.38819950000427966,-0.3777018115600047,0.05812229730625479,-0.28236172931260917,-0.45322168919821537,0.9955500821362404,-0.3820791003866137,-0.45891533311970245,1.633012231016882,1.6992818577935456,-0.2912063237047026,-0.27828607944322087,-0.20362261431707254,-0.41574697683143685,8.879672350801364,1.6567407694568144,-0.36957021287438957,-0.43807713410664323,0.6102911180806885
44,Day3,-0.3331204495113725,-0.2520121286086477,-0.12643169594109685,-0.355164740099009,-0.20418625831726464,-0.04263928951616988,-0.3820791003866137,-0.45891533311970245,7.872625335995669,-0.2197728777180122,-0.2912063237047026,-0.27828607944322087,-0.7202209723712872,-0.41574697683143685,-0.20691745258805244,3.063418346922759,-0.36957021287438957,-0.43807713410664323,-0.41195613885177185
44,Day4,-0.08516671686536707,-0.3181645933198882,-0.1424798692669535,-0.18917387550601739,-0.45322168919821537,-0.4191577024110935,-0.3820791003866137,-0.45891533311970245,0.7226533434960153,-0.3905997177869744,0.11257637080671623,-0.27828607944322087,-0.7217359235679273,-0.41574697683143685,-0.17536679354850587,-0.36038179445661567,-0.36957021287438957,-0.43807713410664323,-0.27832310481969386
44,Day5,0.02753952524645356,-0.3644713186177566,-0.1424798692669535,-0.4163192691595849,-0.45322168919821537,0.8258241654426738,-0.3820791003866137,-0.45891533311970245,3.599919024492624,-0.37661389462343364,-0.2912063237047026,-0.27828607944322087,-0.6833571599197158,-0.41574697683143685,-0.257398507051327,-0.37807585203480365,-0.36957021287438957,-0.43807713410664323,-0.4342283111904515
45,Day1,-0.3331204495113725,-0.3777018115600047,-0.1424798692669535,-0.06395269695340967,0.5429200343255874,-0.7072365571821664,-0.3820791003866137,-0.31405195985851836,-0.09467616865775565,-0.7232625116054797,-0.28165740863179745,-0.27828607944322087,-0.767184459467125,-0.19598478051508939,3.3646171506886207,-0.36038179445661567,-0.36957021287438957,0.5602083998784109,-0.3324126662136302
45,Day2,0.34311700315955135,-0.3777018115600047,-0.1424798692669535,-0.34351625837318506,-0.45322168919821537,-0.7634867173124097,-0.3820791003866137,-0.25039987160739197,-0.4402138485926832,-0.7232625116054797,-0.26119544776128634,-0.27828607944322087,-0.842427035566908,-0.4101360271382535,-0.27001877066714564,-0.39576990961299163,-0.36957021287438957,-0.35321983310002053,-0.4342283111904515
45,Day3,-0.3331204495113725,-0.3777018115600047,-0.1424798692669535,-0.13093146687689752,0.6477770578544088,-0.7641370081809674,-0.3820791003866137,-0.4237969396018397,-0.37376429475904327,-0.7232625116054797,2.6907834404911135,-0.27828607944322087,-0.8530316939433875,1.2843707802031148,-0.27001877066714564,-0.39576990961299163,-0.36957021287438957,-0.38473825918819465,-0.4342283111904515
45,Day4,-0.3331204495113725,-0.16601392448403496,-0.1424798692669535,-0.24159204327222528,-0.45322168919821537,-0.7641370081809674,-0.3820791003866137,-0.3316111566174497,-0.4402138485926832,-0.7232625116054797,10.861926481448542,-0.27828607944322087,-0.474293894783406,0.19958717285433603,-0.27001877066714564,-0.39576990961299163,-0.36957021287438957,-0.4186811795908437,-0.4342283111904515
45,Day5,-0.3331204495113725,-0.3777018115600047,-0.1424798692669535,-0.17170115291728144,-0.348364665669394,-0.47735873514701005,-0.3820791003866137,-0.41501734122237394,-0.3471844732255873,-0.7232625116054797,-0.2912063237047026,-0.27828607944322087,-0.6146793723387057,-0.23619658664956997,-0.27001877066714564,-0.20113527625292382,-0.36957021287438957,-0.39807297791780677,-0.4342283111904515
46,Day1,-0.3331204495113725,-0.3777018115600047,-0.1424798692669535,-0.43961623261123284,-0.45322168919821537,0.4265455721482298,-0.3820791003866137,0.3268587218424781,-0.4402138485926832,-0.7222635242366554,-0.11659759094300798,1.7194334156786457,-0.8197027676173091,-0.41574697683143685,-0.27001877066714564,0.8782022360165431,-0.36957021287438957,-0.297456463867097,-0.4342283111904515
46,Day2,-0.3331204495113725,-0.3777018115600047,-0.1424798692669535,-0.43961623261123284,-0.45322168919821537,1.2745248647475051,-0.3820791003866137,1.0643449857175973,1.57985258794997,-0.2597323724709858,-0.2912063237047026,0.05571749545097128,0.7467567697083743,6.650309003450781,-0.27001877066714564,-0.39576990961299163,0.7577536238433462,-0.43807713410664323,-0.37332073785610304
46,Day3,-0.3331204495113725,-0.3777018115600047,-0.1424798692669535,-0.16587691205436944,-0.45322168919821537,2.558199039280457,-0.3820791003866137,-0.31405195985851836,-0.4402138485926832,-0.7052807389666417,-0.2912063237047026,-0.27828607944322087,-0.6752774202043028,-0.4138766602670424,-0.27001877066714564,-0.39576990961299163,0.5266988209458268,-0.43807713410664323,-0.4342283111904515
46,Day4,-0.3331204495113725,2.6653115651570602,-0.1424798692669535,-0.369725342256289,-0.45322168919821537,1.1906373427035584,-0.3820791003866137,0.12053815992503406,-0.1943504994082155,-0.12337059662646335,-0.07976606137608802,-0.2215684912536411,-0.37380213207295754,-0.41574697683143685,-0.27001877066714564,1.0286017254311408,-0.36957021287438957,-0.3568565745717329,-0.4342283111904515
46,Day5,-0.3331204495113725,-0.3777018115600047,-0.12241965260963268,-0.2707132475867852,-0.45322168919821537,0.15504913452537897,-0.3820791003866137,0.08541976640717124,-0.2674450086252194,-0.3606300967222442,-0.22027152602026417,0.06832140393754457,-0.6278089493762518,-0.41574697683143685,-0.27001877066714564,-0.39576990961299163,-0.20932252699385193,-0.43807713410664323,-0.4342283111904515
